timestamp,latency_ms,raw_detection,voted_command,vote_confidence,num_contours_found,candidates_found,detection_rate_pct
1777993937.8965,601.80,NO_SIGN,NO_SIGN,0.0000,0,0,0.00
1777993938.0350,135.22,NO_SIGN,NO_SIGN,0.0000,0,0,0.00
1777993938.1736,127.27,NO_SIGN,NO_SIGN,0.0000,0,0,0.00
1777993938.2956,109.62,NO_SIGN,NO_SIGN,0.0000,0,0,0.00
1777993938.4050,98.50,NO_SIGN,NO_SIGN,0.0000,0,0,0.00
1777993938.5540,137.86,NO_SIGN,NO_SIGN,0.0000,0,0,0.00
1777993938.6439,81.40,NO_SIGN,NO_SIGN,0.0000,0,0,0.00
1777993938.7750,117.57,NO_SIGN,NO_SIGN,0.0000,0,0,0.00
1777993938.9178,126.72,NO_SIGN,NO_SIGN,0.0000,0,0,0.00
1777993939.0495,120.80,NO_SIGN,NO_SIGN,0.0000,0,0,0.00
1777993939.2007,135.38,NO_SIGN,NO_SIGN,0.0000,0,0,0.00
1777993939.3376,122.77,NO_SIGN,NO_SIGN,0.0000,0,0,0.00
1777993939.4415,95.58,NO_SIGN,NO_SIGN,0.0000,0,0,0.00
1777993939.5382,88.98,NO_SIGN,NO_SIGN,0.0000,0,0,0.00
1777993939.6375,91.41,NO_SIGN,NO_SIGN,0.0000,0,0,0.00
1777993939.7386,92.47,NO_SIGN,NO_SIGN,0.0000,0,0,0.00
1777993939.8476,99.14,NO_SIGN,NO_SIGN,0.0000,0,0,0.00
1777993939.9483,89.83,NO_SIGN,NO_SIGN,0.0000,0,0,0.00
1777993940.0469,89.25,NO_SIGN,NO_SIGN,0.0000,0,0,0.00
1777993940.1434,87.99,NO_SIGN,NO_SIGN,0.0000,0,0,0.00
1777993940.2508,99.45,NO_SIGN,NO_SIGN,0.0000,0,0,0.00
1777993940.3585,100.81,NO_SIGN,NO_SIGN,0.0000,0,0,0.00
1777993940.4602,93.35,NO_SIGN,NO_SIGN,0.0000,0,0,0.00
1777993940.5633,89.31,NO_SIGN,NO_SIGN,0.0000,0,0,0.00
1777993940.6666,93.50,NO_SIGN,NO_SIGN,0.0000,0,0,0.00
1777993940.7650,90.17,NO_SIGN,NO_SIGN,0.0000,0,0,0.00
1777993940.8725,99.10,NO_SIGN,NO_SIGN,0.0000,0,0,0.00
1777993940.9652,83.98,NO_SIGN,NO_SIGN,0.0000,0,0,0.00
1777993941.0700,95.33,NO_SIGN,NO_SIGN,0.0000,0,0,0.00
1777993941.1925,114.76,NO_SIGN,NO_SIGN,0.0000,0,0,0.00
1777993941.2914,90.74,NO_SIGN,NO_SIGN,0.0000,0,0,0.00
1777993941.4106,104.77,NO_SIGN,NO_SIGN,0.0000,0,0,0.00
1777993941.5496,125.47,NO_SIGN,NO_SIGN,0.0000,0,0,0.00
1777993941.6679,107.93,NO_SIGN,NO_SIGN,0.0000,0,0,0.00
1777993941.8262,145.06,NO_SIGN,NO_SIGN,0.0000,0,0,0.00
1777993941.9763,124.87,NO_SIGN,NO_SIGN,0.0000,0,0,0.00
1777993942.0902,103.51,NO_SIGN,NO_SIGN,0.0000,0,0,0.00
1777993942.2439,140.56,NO_SIGN,NO_SIGN,0.0000,0,0,0.00
1777993942.4628,204.10,NO_SIGN,NO_SIGN,0.0000,0,0,0.00
1777993942.5733,96.53,NO_SIGN,NO_SIGN,0.0000,0,0,0.00
1777993942.6790,96.61,NO_SIGN,NO_SIGN,0.0000,0,0,0.00
1777993942.8086,120.88,NO_SIGN,NO_SIGN,0.0000,0,0,0.00
1777993942.9270,107.04,NO_SIGN,NO_SIGN,0.0000,0,0,0.00
1777993943.0251,90.05,NO_SIGN,NO_SIGN,0.0000,0,0,0.00
1777993943.1437,106.21,NO_SIGN,NO_SIGN,0.0000,0,0,0.00
1777993943.3393,178.14,NO_SIGN,NO_SIGN,0.0000,0,0,0.00
1777993943.4982,142.77,NO_SIGN,NO_SIGN,0.0000,0,0,0.00
1777993943.6435,132.74,NO_SIGN,NO_SIGN,0.0000,0,0,0.00
1777993943.7503,93.20,NO_SIGN,NO_SIGN,0.0000,0,0,0.00
1777993943.8589,98.85,NO_SIGN,NO_SIGN,0.0000,0,0,0.00
1777993943.9830,107.12,NO_SIGN,NO_SIGN,0.0000,0,0,0.00
1777993944.0923,96.16,NO_SIGN,NO_SIGN,0.0000,0,0,0.00
1777993944.1897,90.33,NO_SIGN,NO_SIGN,0.0000,0,0,0.00
1777993944.3011,103.01,NO_SIGN,NO_SIGN,0.0000,0,0,0.00
1777993944.4060,98.02,NO_SIGN,NO_SIGN,0.0000,0,0,0.00
1777993944.5100,95.93,NO_SIGN,NO_SIGN,0.0000,0,0,0.00
1777993944.6203,101.59,NO_SIGN,NO_SIGN,0.0000,0,0,0.00
1777993944.7563,126.03,NO_SIGN,NO_SIGN,0.0000,0,0,0.00
1777993944.8992,122.77,NO_SIGN,NO_SIGN,0.0000,0,0,0.00
1777993945.0064,98.70,NO_SIGN,NO_SIGN,0.0000,0,0,0.00
1777993945.1055,90.81,NO_SIGN,NO_SIGN,0.0000,0,0,0.00
1777993945.2349,115.43,NO_SIGN,NO_SIGN,0.0000,0,0,0.00
1777993945.3622,114.52,NO_SIGN,NO_SIGN,0.0000,0,0,0.00
1777993945.4681,96.76,NO_SIGN,NO_SIGN,0.0000,0,0,0.00
1777993945.5681,90.85,NO_SIGN,NO_SIGN,0.0000,0,0,0.00
1777993945.6792,99.37,NO_SIGN,NO_SIGN,0.0000,0,0,0.00
1777993945.7965,107.03,NO_SIGN,NO_SIGN,0.0000,0,0,0.00
1777993945.9348,130.08,NO_SIGN,NO_SIGN,0.0000,0,0,0.00
1777993946.0877,137.91,NO_SIGN,NO_SIGN,0.0000,0,0,0.00
1777993946.2286,124.48,NO_SIGN,NO_SIGN,0.0000,0,0,0.00
1777993946.3819,133.58,NO_SIGN,NO_SIGN,0.0000,0,0,0.00
1777993946.5258,131.73,NO_SIGN,NO_SIGN,0.0000,0,0,0.00
1777993946.6578,114.30,NO_SIGN,NO_SIGN,0.0000,0,0,0.00
1777993946.7569,88.37,NO_SIGN,NO_SIGN,0.0000,0,0,0.00
1777993946.8527,84.57,NO_SIGN,NO_SIGN,0.0000,0,0,0.00
1777993946.9551,91.75,NO_SIGN,NO_SIGN,0.0000,0,0,0.00
1777993947.0658,101.04,NO_SIGN,NO_SIGN,0.0000,0,0,0.00
1777993947.1794,99.66,NO_SIGN,NO_SIGN,0.0000,0,0,0.00
1777993947.2788,90.82,NO_SIGN,NO_SIGN,0.0000,0,0,0.00
1777993947.3786,92.46,NO_SIGN,NO_SIGN,0.0000,0,0,0.00
1777993947.5371,146.31,NO_SIGN,NO_SIGN,0.0000,0,0,0.00
1777993947.6760,129.56,NO_SIGN,NO_SIGN,0.0000,0,0,0.00
1777993947.7928,103.18,NO_SIGN,NO_SIGN,0.0000,0,0,0.00
1777993947.9378,137.41,NO_SIGN,NO_SIGN,0.0000,0,0,0.00
1777993948.0625,114.55,NO_SIGN,NO_SIGN,0.0000,0,0,0.00
1777993948.1697,93.91,NO_SIGN,NO_SIGN,0.0000,0,0,0.00
1777993948.2988,119.03,NO_SIGN,NO_SIGN,0.0000,0,0,0.00
1777993948.4397,132.54,NO_SIGN,NO_SIGN,0.0000,0,0,0.00
1777993948.5699,118.78,NO_SIGN,NO_SIGN,0.0000,0,0,0.00
1777993948.7103,124.30,NO_SIGN,NO_SIGN,0.0000,0,0,0.00
1777993948.8660,142.30,NO_SIGN,NO_SIGN,0.0000,0,0,0.00
1777993948.9776,103.53,NO_SIGN,NO_SIGN,0.0000,0,0,0.00
1777993949.0981,110.97,NO_SIGN,NO_SIGN,0.0000,0,0,0.00
1777993949.2582,135.28,NO_SIGN,NO_SIGN,0.0000,0,0,0.00
1777993949.4109,126.90,NO_SIGN,NO_SIGN,0.0000,0,0,0.00
1777993949.5356,114.20,NO_SIGN,NO_SIGN,0.0000,0,0,0.00
1777993949.6534,110.26,NO_SIGN,NO_SIGN,0.0000,0,0,0.00
1777993949.8016,140.85,NO_SIGN,NO_SIGN,0.0000,0,0,0.00
1777993949.9673,143.54,NO_SIGN,NO_SIGN,0.0000,0,0,0.00
1777993950.0839,105.55,NO_SIGN,NO_SIGN,0.0000,0,0,0.00
1777993950.1956,101.22,NO_SIGN,NO_SIGN,0.0000,0,0,0.00
1777993950.2905,86.08,NO_SIGN,NO_SIGN,0.0000,0,0,0.00
1777993950.3991,98.75,NO_SIGN,NO_SIGN,0.0000,0,0,0.00
1777993950.5001,92.35,NO_SIGN,NO_SIGN,0.0000,0,0,0.00
1777993950.6559,144.04,NO_SIGN,NO_SIGN,0.0000,0,0,0.00
1777993950.8077,124.49,NO_SIGN,NO_SIGN,0.0000,0,0,0.00
1777993950.9137,96.81,NO_SIGN,NO_SIGN,0.0000,0,0,0.00
1777993951.0430,118.51,NO_SIGN,NO_SIGN,0.0000,0,0,0.00
1777993951.1961,141.17,NO_SIGN,NO_SIGN,0.0000,0,0,0.00
1777993951.3307,122.05,NO_SIGN,NO_SIGN,0.0000,0,0,0.00
1777993951.4557,110.71,NO_SIGN,NO_SIGN,0.0000,0,0,0.00
1777993951.5867,116.36,NO_SIGN,NO_SIGN,0.0000,0,0,0.00
1777993951.7046,108.67,NO_SIGN,NO_SIGN,0.0000,0,0,0.00
1777993951.8574,137.53,NO_SIGN,NO_SIGN,0.0000,0,0,0.00
1777993951.9767,106.22,NO_SIGN,NO_SIGN,0.0000,0,0,0.00
1777993952.1453,154.89,NO_SIGN,NO_SIGN,0.0000,0,0,0.00
1777993952.2999,142.76,NO_SIGN,NO_SIGN,0.0000,0,0,0.00
1777993952.4131,104.42,NO_SIGN,NO_SIGN,0.0000,0,0,0.00
1777993952.5472,123.83,NO_SIGN,NO_SIGN,0.0000,0,0,0.00
1777993952.6720,113.72,NO_SIGN,NO_SIGN,0.0000,0,0,0.00
1777993952.8159,130.54,NO_SIGN,NO_SIGN,0.0000,0,0,0.00
1777993952.9420,116.24,NO_SIGN,NO_SIGN,0.0000,0,0,0.00
1777993953.0460,96.43,NO_SIGN,NO_SIGN,0.0000,0,0,0.00
1777993953.1881,130.43,NO_SIGN,NO_SIGN,0.0000,0,0,0.00
1777993953.3253,125.84,NO_SIGN,NO_SIGN,0.0000,0,0,0.00
1777993953.4258,87.73,NO_SIGN,NO_SIGN,0.0000,0,0,0.00
1777993953.5437,109.12,NO_SIGN,NO_SIGN,0.0000,0,0,0.00
1777993953.6766,123.25,NO_SIGN,NO_SIGN,0.0000,0,0,0.00
1777993953.8565,157.57,NO_SIGN,NO_SIGN,0.0000,0,0,0.00
1777993953.9758,106.92,NO_SIGN,NO_SIGN,0.0000,0,0,0.00
1777993954.0821,94.97,NO_SIGN,NO_SIGN,0.0000,0,0,0.00
1777993954.2027,111.30,NO_SIGN,NO_SIGN,0.0000,0,0,0.00
1777993954.3002,90.39,NO_SIGN,NO_SIGN,0.0000,0,0,0.00
1777993954.4745,165.65,NO_SIGN,NO_SIGN,0.0000,0,0,0.00
1777993954.5786,93.04,NO_SIGN,NO_SIGN,0.0000,0,0,0.00
1777993954.6860,93.36,NO_SIGN,NO_SIGN,0.0000,0,0,0.00
1777993954.7916,96.96,NO_SIGN,NO_SIGN,0.0000,0,0,0.00
1777993954.9094,109.58,NO_SIGN,NO_SIGN,0.0000,0,0,0.00
1777993955.0231,101.78,NO_SIGN,NO_SIGN,0.0000,0,0,0.00
1777993955.1237,93.26,NO_SIGN,NO_SIGN,0.0000,0,0,0.00
1777993955.2331,99.62,NO_SIGN,NO_SIGN,0.0000,0,0,0.00
1777993955.3633,121.56,NO_SIGN,NO_SIGN,0.0000,0,0,0.00
1777993955.5104,131.64,NO_SIGN,NO_SIGN,0.0000,0,0,0.00
1777993955.6245,99.80,NO_SIGN,NO_SIGN,0.0000,0,0,0.00
1777993955.7310,92.91,NO_SIGN,NO_SIGN,0.0000,0,0,0.00
1777993955.8786,138.95,NO_SIGN,NO_SIGN,0.0000,0,0,0.00
1777993956.0183,121.33,NO_SIGN,NO_SIGN,0.0000,0,0,0.00
1777993956.1219,95.13,NO_SIGN,NO_SIGN,0.0000,0,0,0.00
1777993956.2262,91.14,NO_SIGN,NO_SIGN,0.0000,0,0,0.00
1777993956.3603,125.61,NO_SIGN,NO_SIGN,0.0000,0,0,0.00
1777993956.4721,100.27,NO_SIGN,NO_SIGN,0.0000,0,0,0.00
1777993956.5817,101.13,NO_SIGN,NO_SIGN,0.0000,0,0,0.00
1777993956.7368,147.13,NO_SIGN,NO_SIGN,0.0000,0,0,0.00
1777993956.8591,113.71,NO_SIGN,NO_SIGN,0.0000,0,0,0.00
1777993956.9633,91.00,NO_SIGN,NO_SIGN,0.0000,0,0,0.00
1777993957.0770,98.94,NO_SIGN,NO_SIGN,0.0000,0,0,0.00
1777993957.1839,95.80,NO_SIGN,NO_SIGN,0.0000,0,0,0.00
1777993957.3311,138.90,NO_SIGN,NO_SIGN,0.0000,0,0,0.00
1777993957.4470,105.39,NO_SIGN,NO_SIGN,0.0000,0,0,0.00
1777993957.5535,98.54,NO_SIGN,NO_SIGN,0.0000,0,0,0.00
1777993957.6623,100.72,NO_SIGN,NO_SIGN,0.0000,0,0,0.00
1777993957.7859,115.04,NO_SIGN,NO_SIGN,0.0000,0,0,0.00
1777993957.8948,100.35,NO_SIGN,NO_SIGN,0.0000,0,0,0.00
1777993957.9962,93.54,NO_SIGN,NO_SIGN,0.0000,0,0,0.00
1777993958.0892,84.99,NO_SIGN,NO_SIGN,0.0000,0,0,0.00
1777993958.2172,117.74,NO_SIGN,NO_SIGN,0.0000,0,0,0.00
1777993958.3502,123.15,NO_SIGN,NO_SIGN,0.0000,0,0,0.00
1777993958.4742,115.35,NO_SIGN,NO_SIGN,0.0000,0,0,0.00
1777993958.6694,175.37,NO_SIGN,NO_SIGN,0.0000,0,0,0.00
1777993958.8013,120.79,NO_SIGN,NO_SIGN,0.0000,0,0,0.00
1777993958.9117,98.16,NO_SIGN,NO_SIGN,0.0000,0,0,0.00
1777993959.0203,99.04,NO_SIGN,NO_SIGN,0.0000,0,0,0.00
1777993959.1891,141.61,NO_SIGN,NO_SIGN,0.0000,0,0,0.00
1777993959.3099,112.23,NO_SIGN,NO_SIGN,0.0000,0,0,0.00
1777993959.4191,99.31,NO_SIGN,NO_SIGN,0.0000,0,0,0.00
1777993959.5434,114.57,NO_SIGN,NO_SIGN,0.0000,0,0,0.00
1777993959.6955,143.86,NO_SIGN,NO_SIGN,0.0000,0,0,0.00
1777993959.8230,119.60,NO_SIGN,NO_SIGN,0.0000,0,0,0.00
1777993959.9535,119.14,NO_SIGN,NO_SIGN,0.0000,0,0,0.00
1777993960.0565,94.28,NO_SIGN,NO_SIGN,0.0000,0,0,0.00
1777993960.1916,120.52,NO_SIGN,NO_SIGN,0.0000,0,0,0.00
1777993960.3433,138.66,NO_SIGN,NO_SIGN,0.0000,0,0,0.00
1777993960.4994,146.68,NO_SIGN,NO_SIGN,0.0000,0,0,0.00
1777993960.6068,92.43,NO_SIGN,NO_SIGN,0.0000,0,0,0.00
1777993960.7440,125.50,NO_SIGN,NO_SIGN,0.0000,0,0,0.00
1777993960.8815,127.86,NO_SIGN,NO_SIGN,0.0000,0,0,0.00
1777993960.9852,94.89,NO_SIGN,NO_SIGN,0.0000,0,0,0.00
1777993961.1099,112.51,NO_SIGN,NO_SIGN,0.0000,0,0,0.00
1777993961.2622,140.02,NO_SIGN,NO_SIGN,0.0000,0,0,0.00
1777993961.3964,113.36,NO_SIGN,NO_SIGN,0.0000,0,0,0.00
1777993961.5164,108.93,NO_SIGN,NO_SIGN,0.0000,0,0,0.00
1777993961.6267,100.51,NO_SIGN,NO_SIGN,0.0000,0,0,0.00
1777993961.7321,94.91,NO_SIGN,NO_SIGN,0.0000,0,0,0.00
1777993961.8359,95.98,NO_SIGN,NO_SIGN,0.0000,0,0,0.00
1777993961.9359,90.81,NO_SIGN,NO_SIGN,0.0000,0,0,0.00
1777993962.0605,117.43,NO_SIGN,NO_SIGN,0.0000,0,0,0.00
1777993962.1518,83.67,NO_SIGN,NO_SIGN,0.0000,0,0,0.00
1777993962.2849,125.26,NO_SIGN,NO_SIGN,0.0000,0,0,0.00
1777993962.3975,101.69,NO_SIGN,NO_SIGN,0.0000,0,0,0.00
1777993962.5046,97.20,NO_SIGN,NO_SIGN,0.0000,0,0,0.00
1777993962.6052,92.06,NO_SIGN,NO_SIGN,0.0000,0,0,0.00
1777993962.7142,97.51,NO_SIGN,NO_SIGN,0.0000,0,0,0.00
1777993962.8318,108.94,NO_SIGN,NO_SIGN,0.0000,0,0,0.00
1777993962.9463,101.10,NO_SIGN,NO_SIGN,0.0000,0,0,0.00
1777993963.1020,147.23,NO_SIGN,NO_SIGN,0.0000,0,0,0.00
1777993963.2039,93.69,NO_SIGN,NO_SIGN,0.0000,0,0,0.00
1777993963.3526,138.47,NO_SIGN,NO_SIGN,0.0000,0,0,0.00
1777993963.4518,89.27,NO_SIGN,NO_SIGN,0.0000,0,0,0.00
1777993963.5640,102.69,NO_SIGN,NO_SIGN,0.0000,0,0,0.00
1777993963.6624,90.73,NO_SIGN,NO_SIGN,0.0000,0,0,0.00
1777993963.7922,114.79,NO_SIGN,NO_SIGN,0.0000,0,0,0.00
1777993963.9223,122.47,NO_SIGN,NO_SIGN,0.0000,0,0,0.00
1777993964.0334,101.71,NO_SIGN,NO_SIGN,0.0000,0,0,0.00
1777993964.1948,152.48,NO_SIGN,NO_SIGN,0.0000,0,0,0.00
1777993964.3730,163.65,NO_SIGN,NO_SIGN,0.0000,0,0,0.00
1777993964.5654,170.65,NO_SIGN,NO_SIGN,0.0000,0,0,0.00
1777993964.7033,122.78,NO_SIGN,NO_SIGN,0.0000,0,0,0.00
1777993964.8216,104.91,NO_SIGN,NO_SIGN,0.0000,0,0,0.00
1777993964.9495,109.37,NO_SIGN,NO_SIGN,0.0000,0,0,0.00
1777993965.0806,112.94,NO_SIGN,NO_SIGN,0.0000,0,0,0.00
1777993965.1764,85.96,NO_SIGN,NO_SIGN,0.0000,0,0,0.00
1777993965.3148,124.82,NO_SIGN,NO_SIGN,0.0000,0,0,0.00
1777993965.4709,130.17,NO_SIGN,NO_SIGN,0.0000,0,0,0.00
1777993965.6072,112.12,NO_SIGN,NO_SIGN,0.0000,0,0,0.00
1777993965.7125,93.07,NO_SIGN,NO_SIGN,0.0000,0,0,0.00
1777993965.8185,96.66,NO_SIGN,NO_SIGN,0.0000,0,0,0.00
1777993965.9271,96.33,NO_SIGN,NO_SIGN,0.0000,0,0,0.00
1777993966.0427,104.40,NO_SIGN,NO_SIGN,0.0000,0,0,0.00
1777993966.1460,95.25,NO_SIGN,NO_SIGN,0.0000,0,0,0.00
1777993966.2416,85.68,NO_SIGN,NO_SIGN,0.0000,0,0,0.00
1777993966.3462,96.58,NO_SIGN,NO_SIGN,0.0000,0,0,0.00
1777993966.4612,103.87,NO_SIGN,NO_SIGN,0.0000,0,0,0.00
1777993966.5622,89.21,NO_SIGN,NO_SIGN,0.0000,0,0,0.00
1777993966.7157,142.25,NO_SIGN,NO_SIGN,0.0000,0,0,0.00
1777993966.8312,93.80,NO_SIGN,NO_SIGN,0.0000,0,0,0.00
1777993967.0147,170.74,NO_SIGN,NO_SIGN,0.0000,0,0,0.00
1777993967.1479,110.86,NO_SIGN,NO_SIGN,0.0000,0,0,0.00
1777993967.2672,110.17,NO_SIGN,NO_SIGN,0.0000,0,0,0.00
1777993967.4506,170.02,NO_SIGN,NO_SIGN,0.0000,0,0,0.00
1777993967.5898,122.72,NO_SIGN,NO_SIGN,0.0000,0,0,0.00
1777993967.7117,108.22,NO_SIGN,NO_SIGN,0.0000,0,0,0.00
1777993967.8348,108.76,NO_SIGN,NO_SIGN,0.0000,0,0,0.00
1777993967.9876,139.39,NO_SIGN,NO_SIGN,0.0000,0,0,0.00
1777993968.1105,115.09,NO_SIGN,NO_SIGN,0.0000,0,0,0.00
1777993968.2183,95.88,NO_SIGN,NO_SIGN,0.0000,0,0,0.00
1777993968.3240,94.67,NO_SIGN,NO_SIGN,0.0000,0,0,0.00
1777993968.4565,122.77,NO_SIGN,NO_SIGN,0.0000,0,0,0.00
1777993968.6414,166.71,NO_SIGN,NO_SIGN,0.0000,0,0,0.00
1777993968.8059,142.29,NO_SIGN,NO_SIGN,0.0000,0,0,0.00
1777993968.9158,95.06,NO_SIGN,NO_SIGN,0.0000,0,0,0.00
1777993969.0284,100.45,NO_SIGN,NO_SIGN,0.0000,0,0,0.00
1777993969.1673,129.35,NO_SIGN,NO_SIGN,0.0000,0,0,0.00
1777993969.2789,97.03,NO_SIGN,NO_SIGN,0.0000,0,0,0.00
1777993969.4559,166.29,NO_SIGN,NO_SIGN,0.0000,0,0,0.00
1777993969.5768,109.81,NO_SIGN,NO_SIGN,0.0000,0,0,0.00
1777993969.6953,101.59,NO_SIGN,NO_SIGN,0.0000,0,0,0.00
1777993969.8468,143.16,NO_SIGN,NO_SIGN,0.0000,0,0,0.00
1777993969.9524,98.03,NO_SIGN,NO_SIGN,0.0000,0,0,0.00
1777993970.0835,118.63,NO_SIGN,NO_SIGN,0.0000,0,0,0.00
1777993970.2056,107.24,NO_SIGN,NO_SIGN,0.0000,0,0,0.00
1777993970.3067,92.28,NO_SIGN,NO_SIGN,0.0000,0,0,0.00
1777993970.4182,101.82,NO_SIGN,NO_SIGN,0.0000,0,0,0.00
1777993970.5324,104.28,NO_SIGN,NO_SIGN,0.0000,0,0,0.00
1777993970.6377,97.71,NO_SIGN,NO_SIGN,0.0000,0,0,0.00
1777993970.7585,111.51,NO_SIGN,NO_SIGN,0.0000,0,0,0.00
1777993970.8684,99.63,NO_SIGN,NO_SIGN,0.0000,0,0,0.00
1777993970.9773,99.25,NO_SIGN,NO_SIGN,0.0000,0,0,0.00
1777993971.1188,132.26,NO_SIGN,NO_SIGN,0.0000,0,0,0.00
1777993971.2399,106.33,NO_SIGN,NO_SIGN,0.0000,0,0,0.00
1777993971.3761,123.72,NO_SIGN,NO_SIGN,0.0000,0,0,0.00
1777993971.4909,98.63,NO_SIGN,NO_SIGN,0.0000,0,0,0.00
1777993971.6185,113.15,NO_SIGN,NO_SIGN,0.0000,0,0,0.00
1777993971.7820,149.18,NO_SIGN,NO_SIGN,0.0000,0,0,0.00
1777993971.9138,117.56,NO_SIGN,NO_SIGN,0.0000,0,0,0.00
1777993972.0466,117.83,NO_SIGN,NO_SIGN,0.0000,0,0,0.00
1777993972.1457,90.85,NO_SIGN,NO_SIGN,0.0000,0,0,0.00
1777993972.2462,91.82,NO_SIGN,NO_SIGN,0.0000,0,0,0.00
1777993972.3426,87.78,NO_SIGN,NO_SIGN,0.0000,0,0,0.00
1777993972.4680,117.95,NO_SIGN,NO_SIGN,0.0000,0,0,0.00
1777993972.5688,91.63,NO_SIGN,NO_SIGN,0.0000,0,0,0.00
1777993972.6685,90.59,NO_SIGN,NO_SIGN,0.0000,0,0,0.00
1777993972.7822,104.01,NO_SIGN,NO_SIGN,0.0000,0,0,0.00
1777993972.9063,112.99,NO_SIGN,NO_SIGN,0.0000,0,0,0.00
1777993973.0283,107.64,NO_SIGN,NO_SIGN,0.0000,0,0,0.00
1777993973.1867,147.82,NO_SIGN,NO_SIGN,0.0000,0,0,0.00
1777993973.3198,124.33,NO_SIGN,NO_SIGN,0.0000,0,0,0.00
1777993973.4723,128.42,NO_SIGN,NO_SIGN,0.0000,0,0,0.00
1777993973.5976,112.88,NO_SIGN,NO_SIGN,0.0000,0,0,0.00
1777993973.7109,103.39,NO_SIGN,NO_SIGN,0.0000,0,0,0.00
1777993973.8613,137.59,NO_SIGN,NO_SIGN,0.0000,0,0,0.00
1777993974.0261,138.79,NO_SIGN,NO_SIGN,0.0000,0,0,0.00
1777993974.2128,134.40,NO_SIGN,NO_SIGN,0.0000,0,0,0.00
1777993974.3349,106.09,NO_SIGN,NO_SIGN,0.0000,0,0,0.00
1777993974.4562,112.10,NO_SIGN,NO_SIGN,0.0000,0,0,0.00
1777993974.5822,117.75,NO_SIGN,NO_SIGN,0.0000,0,0,0.00
1777993974.6791,89.78,NO_SIGN,NO_SIGN,0.0000,0,0,0.00
1777993974.7768,90.07,NO_SIGN,NO_SIGN,0.0000,0,0,0.00
1777993974.8878,97.67,NO_SIGN,NO_SIGN,0.0000,0,0,0.00
1777993975.0342,121.24,NO_SIGN,NO_SIGN,0.0000,0,0,0.00
1777993975.1455,103.64,NO_SIGN,NO_SIGN,0.0000,0,0,0.00
1777993975.2790,125.50,NO_SIGN,NO_SIGN,0.0000,0,0,0.00
1777993975.3896,95.13,NO_SIGN,NO_SIGN,0.0000,0,0,0.00
1777993975.5444,142.08,NO_SIGN,NO_SIGN,0.0000,0,0,0.00
1777993975.7043,147.54,NO_SIGN,NO_SIGN,0.0000,0,0,0.00
1777993975.8416,117.77,NO_SIGN,NO_SIGN,0.0000,0,0,0.00
1777993975.9950,144.44,NO_SIGN,NO_SIGN,0.0000,0,0,0.00
1777993976.1127,107.17,NO_SIGN,NO_SIGN,0.0000,0,0,0.00
1777993976.2416,114.89,NO_SIGN,NO_SIGN,0.0000,0,0,0.00
1777993976.3492,100.01,NO_SIGN,NO_SIGN,0.0000,0,0,0.00
1777993976.4560,93.70,NO_SIGN,NO_SIGN,0.0000,0,0,0.00
1777993976.5816,116.43,NO_SIGN,NO_SIGN,0.0000,0,0,0.00
1777993976.7095,116.02,NO_SIGN,NO_SIGN,0.0000,0,0,0.00
1777993976.8240,102.13,NO_SIGN,NO_SIGN,0.0000,0,0,0.00
1777993976.9303,96.54,NO_SIGN,NO_SIGN,0.0000,0,0,0.00
1777993977.0374,98.90,NO_SIGN,NO_SIGN,0.0000,0,0,0.00
1777993977.1408,95.48,NO_SIGN,NO_SIGN,0.0000,0,0,0.00
1777993977.2451,95.63,NO_SIGN,NO_SIGN,0.0000,0,0,0.00
1777993977.3444,91.44,NO_SIGN,NO_SIGN,0.0000,0,0,0.00
1777993977.4486,96.78,NO_SIGN,NO_SIGN,0.0000,0,0,0.00
1777993977.5556,98.85,NO_SIGN,NO_SIGN,0.0000,0,0,0.00
1777993977.6550,87.79,NO_SIGN,NO_SIGN,0.0000,0,0,0.00
1777993977.7943,119.59,NO_SIGN,NO_SIGN,0.0000,0,0,0.00
1777993977.9003,98.39,NO_SIGN,NO_SIGN,0.0000,0,0,0.00
1777993978.0018,91.57,NO_SIGN,NO_SIGN,0.0000,0,0,0.00
1777993978.1137,103.39,NO_SIGN,NO_SIGN,0.0000,0,0,0.00
1777993978.2563,127.62,NO_SIGN,NO_SIGN,0.0000,0,0,0.00
1777993978.3773,107.41,NO_SIGN,NO_SIGN,0.0000,0,0,0.00
1777993978.5169,124.76,NO_SIGN,NO_SIGN,0.0000,0,0,0.00
1777993978.6505,109.95,NO_SIGN,NO_SIGN,0.0000,0,0,0.00
1777993978.7913,126.92,NO_SIGN,NO_SIGN,0.0000,0,0,0.00
1777993978.9492,143.73,NO_SIGN,NO_SIGN,0.0000,0,0,0.00
1777993979.0836,115.71,NO_SIGN,NO_SIGN,0.0000,0,0,0.00
1777993979.1944,102.38,NO_SIGN,NO_SIGN,0.0000,0,0,0.00
1777993979.3199,117.39,NO_SIGN,NO_SIGN,0.0000,0,0,0.00
1777993979.4519,122.37,NO_SIGN,NO_SIGN,0.0000,0,0,0.00
1777993979.5537,91.70,NO_SIGN,NO_SIGN,0.0000,0,0,0.00
1777993979.6752,111.12,NO_SIGN,NO_SIGN,0.0000,0,0,0.00
1777993979.8416,151.63,NO_SIGN,NO_SIGN,0.0000,0,0,0.00
1777993979.9750,122.63,NO_SIGN,NO_SIGN,0.0000,0,0,0.00
1777993980.1905,201.41,NO_SIGN,NO_SIGN,0.0000,0,0,0.00
1777993980.2996,101.17,NO_SIGN,NO_SIGN,0.0000,0,0,0.00
1777993980.4127,104.79,NO_SIGN,NO_SIGN,0.0000,0,0,0.00
1777993980.5277,106.94,NO_SIGN,NO_SIGN,0.0000,0,0,0.00
1777993980.6441,108.88,NO_SIGN,NO_SIGN,0.0000,0,0,0.00
1777993980.7654,109.33,NO_SIGN,NO_SIGN,0.0000,0,0,0.00
1777993980.9062,132.68,NO_SIGN,NO_SIGN,0.0000,0,0,0.00
1777993981.0001,83.32,NO_SIGN,NO_SIGN,0.0000,0,0,0.00
1777993981.1072,97.87,NO_SIGN,NO_SIGN,0.0000,0,0,0.00
1777993981.2133,95.97,NO_SIGN,NO_SIGN,0.0000,0,0,0.00
1777993981.3252,98.28,NO_SIGN,NO_SIGN,0.0000,0,0,0.00
1777993981.4267,92.56,NO_SIGN,NO_SIGN,0.0000,0,0,0.00
1777993981.5352,95.64,NO_SIGN,NO_SIGN,0.0000,0,0,0.00
1777993981.6378,95.07,NO_SIGN,NO_SIGN,0.0000,0,0,0.00
1777993981.7287,80.71,NO_SIGN,NO_SIGN,0.0000,0,0,0.00
1777993981.8391,101.24,NO_SIGN,NO_SIGN,0.0000,0,0,0.00
1777993981.9544,106.04,NO_SIGN,NO_SIGN,0.0000,0,0,0.00
1777993982.1140,149.75,NO_SIGN,NO_SIGN,0.0000,0,0,0.00
1777993982.2765,145.14,NO_SIGN,NO_SIGN,0.0000,0,0,0.00
1777993982.4302,141.43,NO_SIGN,NO_SIGN,0.0000,0,0,0.00
1777993982.5596,115.94,NO_SIGN,NO_SIGN,0.0000,0,0,0.00
1777993982.6914,118.42,NO_SIGN,NO_SIGN,0.0000,0,0,0.00
1777993982.8476,136.00,NO_SIGN,NO_SIGN,0.0000,0,0,0.00
1777993982.9857,114.27,NO_SIGN,NO_SIGN,0.0000,0,0,0.00
1777993983.0914,94.72,NO_SIGN,NO_SIGN,0.0000,0,0,0.00
1777993983.2337,128.94,NO_SIGN,NO_SIGN,0.0000,0,0,0.00
1777993983.3412,94.53,NO_SIGN,NO_SIGN,0.0000,0,0,0.00
1777993983.4542,104.77,NO_SIGN,NO_SIGN,0.0000,0,0,0.00
1777993983.5712,106.07,NO_SIGN,NO_SIGN,0.0000,0,0,0.00
1777993983.7053,125.13,NO_SIGN,NO_SIGN,0.0000,0,0,0.00
1777993983.8579,137.64,NO_SIGN,NO_SIGN,0.0000,0,0,0.00
1777993984.0407,152.60,NO_SIGN,NO_SIGN,0.0000,0,0,0.00
1777993984.1918,142.03,NO_SIGN,NO_SIGN,0.0000,0,0,0.00
1777993984.3458,144.28,NO_SIGN,NO_SIGN,0.0000,0,0,0.00
1777993984.4633,106.39,NO_SIGN,NO_SIGN,0.0000,0,0,0.00
1777993984.5645,92.92,NO_SIGN,NO_SIGN,0.0000,0,0,0.00
1777993984.6772,102.86,NO_SIGN,NO_SIGN,0.0000,0,0,0.00
1777993984.8076,121.13,NO_SIGN,NO_SIGN,0.0000,0,0,0.00
1777993984.9679,139.86,NO_SIGN,NO_SIGN,0.0000,0,0,0.00
1777993985.1078,115.40,NO_SIGN,NO_SIGN,0.0000,0,0,0.00
1777993985.2351,109.92,NO_SIGN,NO_SIGN,0.0000,0,0,0.00
1777993985.3822,136.49,NO_SIGN,NO_SIGN,0.0000,0,0,0.00
1777993985.5430,150.34,NO_SIGN,NO_SIGN,0.0000,0,0,0.00
1777993985.6673,116.11,NO_SIGN,NO_SIGN,0.0000,0,0,0.00
1777993985.8062,120.80,NO_SIGN,NO_SIGN,0.0000,0,0,0.00
1777993985.9044,87.45,NO_SIGN,NO_SIGN,0.0000,0,0,0.00
1777993986.0153,98.92,NO_SIGN,NO_SIGN,0.0000,0,0,0.00
1777993986.1151,89.37,NO_SIGN,NO_SIGN,0.0000,0,0,0.00
1777993986.2538,126.08,NO_SIGN,NO_SIGN,0.0000,0,0,0.00
1777993986.3779,109.07,NO_SIGN,NO_SIGN,0.0000,0,0,0.00
1777993986.4821,96.33,NO_SIGN,NO_SIGN,0.0000,0,0,0.00
1777993986.6135,121.73,NO_SIGN,NO_SIGN,0.0000,0,0,0.00
1777993986.7258,103.10,NO_SIGN,NO_SIGN,0.0000,0,0,0.00
1777993986.8418,106.62,NO_SIGN,NO_SIGN,0.0000,0,0,0.00
1777993986.9556,107.40,NO_SIGN,NO_SIGN,0.0000,0,0,0.00
1777993987.1470,177.83,NO_SIGN,NO_SIGN,0.0000,0,0,0.00
1777993987.3149,151.96,NO_SIGN,NO_SIGN,0.0000,0,0,0.00
1777993987.5084,160.77,NO_SIGN,NO_SIGN,0.0000,0,0,0.00
1777993987.6781,141.64,NO_SIGN,NO_SIGN,0.0000,0,0,0.00
1777993987.8741,146.59,NO_SIGN,NO_SIGN,0.0000,0,0,0.00
1777993988.0366,126.96,NO_SIGN,NO_SIGN,0.0000,0,0,0.00
1777993988.1621,117.85,NO_SIGN,NO_SIGN,0.0000,0,0,0.00
1777993988.3123,139.00,NO_SIGN,NO_SIGN,0.0000,0,0,0.00
1777993988.4376,107.56,NO_SIGN,NO_SIGN,0.0000,0,0,0.00
1777993988.5629,114.21,NO_SIGN,NO_SIGN,0.0000,0,0,0.00
1777993988.6851,106.98,NO_SIGN,NO_SIGN,0.0000,0,0,0.00
1777993988.8101,114.60,NO_SIGN,NO_SIGN,0.0000,0,0,0.00
1777993988.9332,114.22,NO_SIGN,NO_SIGN,0.0000,0,0,0.00
1777993989.0368,95.99,NO_SIGN,NO_SIGN,0.0000,0,0,0.00
1777993989.1493,103.69,NO_SIGN,NO_SIGN,0.0000,0,0,0.00
1777993989.2636,105.18,NO_SIGN,NO_SIGN,0.0000,0,0,0.00
1777993989.3632,88.28,NO_SIGN,NO_SIGN,0.0000,0,0,0.00
1777993989.4594,87.98,NO_SIGN,NO_SIGN,0.0000,0,0,0.00
1777993989.5710,102.16,NO_SIGN,NO_SIGN,0.0000,0,0,0.00
1777993989.6870,98.84,NO_SIGN,NO_SIGN,0.0000,0,0,0.00
1777993989.7959,99.23,NO_SIGN,NO_SIGN,0.0000,0,0,0.00
1777993989.9057,101.01,NO_SIGN,NO_SIGN,0.0000,0,0,0.00
1777993990.0452,124.49,NO_SIGN,NO_SIGN,0.0000,0,0,0.00
1777993990.2110,151.42,NO_SIGN,NO_SIGN,0.0000,0,0,0.00
1777993990.3521,126.76,NO_SIGN,NO_SIGN,0.0000,0,0,0.00
1777993990.4823,117.76,NO_SIGN,NO_SIGN,0.0000,0,0,0.00
1777993990.5866,95.27,NO_SIGN,NO_SIGN,0.0000,0,0,0.00
1777993990.7199,120.15,NO_SIGN,NO_SIGN,0.0000,0,0,0.00
1777993990.8645,128.41,NO_SIGN,NO_SIGN,0.0000,0,0,0.00
1777993991.0313,145.22,NO_SIGN,NO_SIGN,0.0000,0,0,0.00
1777993991.1853,139.82,NO_SIGN,NO_SIGN,0.0000,0,0,0.00
1777993991.3054,110.51,NO_SIGN,NO_SIGN,0.0000,0,0,0.00
1777993991.4337,109.20,NO_SIGN,NO_SIGN,0.0000,0,0,0.00
1777993991.5428,97.44,NO_SIGN,NO_SIGN,0.0000,0,0,0.00
1777993991.6686,111.11,NO_SIGN,NO_SIGN,0.0000,0,0,0.00
1777993991.7799,96.24,NO_SIGN,NO_SIGN,0.0000,0,0,0.00
1777993991.8828,92.79,NO_SIGN,NO_SIGN,0.0000,0,0,0.00
1777993991.9865,94.85,NO_SIGN,NO_SIGN,0.0000,0,0,0.00
1777993992.1024,102.76,NO_SIGN,NO_SIGN,0.0000,0,0,0.00
1777993992.2356,121.18,NO_SIGN,NO_SIGN,0.0000,0,0,0.00
1777993992.4247,177.40,NO_SIGN,NO_SIGN,0.0000,0,0,0.00
1777993992.5956,155.69,NO_SIGN,NO_SIGN,0.0000,0,0,0.00
1777993992.7053,100.83,NO_SIGN,NO_SIGN,0.0000,0,0,0.00
1777993992.8107,96.37,NO_SIGN,NO_SIGN,0.0000,0,0,0.00
1777993992.9165,93.47,NO_SIGN,NO_SIGN,0.0000,0,0,0.00
1777993993.0976,172.29,NO_SIGN,NO_SIGN,0.0000,0,0,0.00
1777993993.2443,126.10,NO_SIGN,NO_SIGN,0.0000,0,0,0.00
1777993993.3813,126.29,NO_SIGN,NO_SIGN,0.0000,0,0,0.00
1777993993.4833,92.82,NO_SIGN,NO_SIGN,0.0000,0,0,0.00
1777993993.5878,96.86,NO_SIGN,NO_SIGN,0.0000,0,0,0.00
1777993993.6881,93.31,NO_SIGN,NO_SIGN,0.0000,0,0,0.00
1777993993.8138,118.35,NO_SIGN,NO_SIGN,0.0000,0,0,0.00
1777993994.0457,183.65,NO_SIGN,NO_SIGN,0.0000,0,0,0.00
1777993994.1633,103.95,NO_SIGN,NO_SIGN,0.0000,0,0,0.00
1777993994.2666,92.96,NO_SIGN,NO_SIGN,0.0000,0,0,0.00
1777993994.3936,117.22,NO_SIGN,NO_SIGN,0.0000,0,0,0.00
1777993994.4971,92.88,NO_SIGN,NO_SIGN,0.0000,0,0,0.00
1777993994.6018,95.07,NO_SIGN,NO_SIGN,0.0000,0,0,0.00
1777993994.7197,98.15,NO_SIGN,NO_SIGN,0.0000,0,0,0.00
1777993994.8494,118.99,NO_SIGN,NO_SIGN,0.0000,0,0,0.00
1777993994.9936,136.99,NO_SIGN,NO_SIGN,0.0000,0,0,0.00
1777993995.0960,93.48,NO_SIGN,NO_SIGN,0.0000,0,0,0.00
1777993995.3196,213.56,NO_SIGN,NO_SIGN,0.0000,0,0,0.00
1777993995.4786,146.04,NO_SIGN,NO_SIGN,0.0000,0,0,0.00
1777993995.7069,212.93,NO_SIGN,NO_SIGN,0.0000,0,0,0.00
1777993995.8629,142.51,NO_SIGN,NO_SIGN,0.0000,0,0,0.00
1777993995.9859,109.20,NO_SIGN,NO_SIGN,0.0000,0,0,0.00
1777993996.1010,105.17,NO_SIGN,NO_SIGN,0.0000,0,0,0.00
1777993996.2207,111.26,NO_SIGN,NO_SIGN,0.0000,0,0,0.00
1777993996.3789,146.22,NO_SIGN,NO_SIGN,0.0000,0,0,0.00
1777993996.5481,147.43,NO_SIGN,NO_SIGN,0.0000,0,0,0.00
1777993996.7025,141.98,NO_SIGN,NO_SIGN,0.0000,0,0,0.00
1777993996.8336,119.33,NO_SIGN,NO_SIGN,0.0000,0,0,0.00
1777993996.9583,114.33,NO_SIGN,NO_SIGN,0.0000,0,0,0.00
1777993997.0875,116.59,NO_SIGN,NO_SIGN,0.0000,0,0,0.00
1777993997.3245,205.92,NO_SIGN,NO_SIGN,0.0000,0,0,0.00
1777993997.5048,156.71,NO_SIGN,NO_SIGN,0.0000,0,0,0.00
1777993997.6752,146.22,NO_SIGN,NO_SIGN,0.0000,0,0,0.00
1777993997.7898,103.12,NO_SIGN,NO_SIGN,0.0000,0,0,0.00
1777993997.8946,96.77,NO_SIGN,NO_SIGN,0.0000,0,0,0.00
1777993998.0090,106.12,NO_SIGN,NO_SIGN,0.0000,0,0,0.00
1777993998.1103,88.13,NO_SIGN,NO_SIGN,0.0000,0,0,0.00
1777993998.2820,159.35,NO_SIGN,NO_SIGN,0.0000,0,0,0.00
1777993998.4213,126.71,NO_SIGN,NO_SIGN,0.0000,0,0,0.00
1777993998.5347,103.73,NO_SIGN,NO_SIGN,0.0000,0,0,0.00
1777993998.6954,148.29,NO_SIGN,NO_SIGN,0.0000,0,0,0.00
1777993998.9340,230.22,NO_SIGN,NO_SIGN,0.0000,0,0,0.00
1777993999.1609,169.89,NO_SIGN,NO_SIGN,0.0000,0,0,0.00
1777993999.3637,190.51,NO_SIGN,NO_SIGN,0.0000,0,0,0.00
1777993999.5286,146.94,NO_SIGN,NO_SIGN,0.0000,0,0,0.00
1777993999.6601,113.06,NO_SIGN,NO_SIGN,0.0000,0,0,0.00
1777993999.7806,103.66,NO_SIGN,NO_SIGN,0.0000,0,0,0.00
1777993999.8806,92.27,NO_SIGN,NO_SIGN,0.0000,0,0,0.00
1777993999.9997,111.07,NO_SIGN,NO_SIGN,0.0000,0,0,0.00
1777994000.1596,139.96,NO_SIGN,NO_SIGN,0.0000,0,0,0.00
1777994000.3239,144.46,NO_SIGN,NO_SIGN,0.0000,0,0,0.00
1777994000.4323,101.01,NO_SIGN,NO_SIGN,0.0000,0,0,0.00
1777994000.5379,97.53,NO_SIGN,NO_SIGN,0.0000,0,0,0.00
1777994000.6938,146.72,NO_SIGN,NO_SIGN,0.0000,0,0,0.00
1777994000.8093,100.80,NO_SIGN,NO_SIGN,0.0000,0,0,0.00
1777994001.0062,186.28,NO_SIGN,NO_SIGN,0.0000,0,0,0.00
1777994001.1607,140.37,NO_SIGN,NO_SIGN,0.0000,0,0,0.00
1777994001.3062,119.23,NO_SIGN,NO_SIGN,0.0000,0,0,0.00
1777994001.4409,113.49,NO_SIGN,NO_SIGN,0.0000,0,0,0.00
1777994001.5430,93.95,NO_SIGN,NO_SIGN,0.0000,0,0,0.00
1777994001.7077,151.05,NO_SIGN,NO_SIGN,0.0000,0,0,0.00
1777994001.8137,98.11,NO_SIGN,NO_SIGN,0.0000,0,0,0.00
1777994001.9176,91.68,NO_SIGN,NO_SIGN,0.0000,0,0,0.00
1777994002.0192,90.73,NO_SIGN,NO_SIGN,0.0000,0,0,0.00
1777994002.1325,101.56,NO_SIGN,NO_SIGN,0.0000,0,0,0.00
1777994002.2406,99.70,NO_SIGN,NO_SIGN,0.0000,0,0,0.00
1777994002.3402,90.89,NO_SIGN,NO_SIGN,0.0000,0,0,0.00
1777994002.4727,123.42,NO_SIGN,NO_SIGN,0.0000,0,0,0.00
1777994002.5692,89.39,NO_SIGN,NO_SIGN,0.0000,0,0,0.00
1777994002.6578,81.64,NO_SIGN,NO_SIGN,0.0000,0,0,0.00
1777994002.7877,118.95,NO_SIGN,NO_SIGN,0.0000,0,0,0.00
1777994002.9896,179.99,NO_SIGN,NO_SIGN,0.0000,0,0,0.00
1777994003.1322,134.77,NO_SIGN,NO_SIGN,0.0000,0,0,0.00
1777994003.2950,145.31,NO_SIGN,NO_SIGN,0.0000,0,0,0.00
1777994003.4227,119.50,NO_SIGN,NO_SIGN,0.0000,0,0,0.00
1777994003.5376,106.53,NO_SIGN,NO_SIGN,0.0000,0,0,0.00
1777994003.6445,99.02,NO_SIGN,NO_SIGN,0.0000,0,0,0.00
1777994003.7520,97.72,NO_SIGN,NO_SIGN,0.0000,0,0,0.00
1777994003.8565,92.43,NO_SIGN,NO_SIGN,0.0000,0,0,0.00
1777994003.9584,92.02,NO_SIGN,NO_SIGN,0.0000,0,0,0.00
1777994004.0781,104.11,NO_SIGN,NO_SIGN,0.0000,0,0,0.00
1777994004.1796,91.89,NO_SIGN,NO_SIGN,0.0000,0,0,0.00
1777994004.3287,132.11,NO_SIGN,NO_SIGN,0.0000,0,0,0.00
1777994004.4742,130.52,NO_SIGN,NO_SIGN,0.0000,0,0,0.00
1777994004.5826,98.94,NO_SIGN,NO_SIGN,0.0000,0,0,0.00
1777994004.6937,103.51,NO_SIGN,NO_SIGN,0.0000,0,0,0.00
1777994004.8275,124.18,NO_SIGN,NO_SIGN,0.0000,0,0,0.00
1777994004.9845,142.52,NO_SIGN,NO_SIGN,0.0000,0,0,0.00
1777994005.0941,96.80,NO_SIGN,NO_SIGN,0.0000,0,0,0.00
1777994005.1984,96.57,NO_SIGN,NO_SIGN,0.0000,0,0,0.00
1777994005.2986,92.02,NO_SIGN,NO_SIGN,0.0000,0,0,0.00
1777994005.4033,96.10,NO_SIGN,NO_SIGN,0.0000,0,0,0.00
1777994005.5114,95.81,NO_SIGN,NO_SIGN,0.0000,0,0,0.00
1777994005.6258,105.15,NO_SIGN,NO_SIGN,0.0000,0,0,0.00
1777994005.7299,95.45,NO_SIGN,NO_SIGN,0.0000,0,0,0.00
1777994005.8325,90.98,NO_SIGN,NO_SIGN,0.0000,0,0,0.00
1777994005.9264,85.80,NO_SIGN,NO_SIGN,0.0000,0,0,0.00
1777994006.0293,95.43,NO_SIGN,NO_SIGN,0.0000,0,0,0.00
1777994006.1316,95.06,NO_SIGN,NO_SIGN,0.0000,0,0,0.00
1777994006.2891,149.32,NO_SIGN,NO_SIGN,0.0000,0,0,0.00
1777994006.4360,138.71,NO_SIGN,NO_SIGN,0.0000,0,0,0.00
1777994006.5962,148.98,NO_SIGN,NO_SIGN,0.0000,0,0,0.00
1777994006.7233,115.54,NO_SIGN,NO_SIGN,0.0000,0,0,0.00
1777994006.8552,107.46,NO_SIGN,NO_SIGN,0.0000,0,0,0.00
1777994007.0088,141.67,NO_SIGN,NO_SIGN,0.0000,0,0,0.00
1777994007.1269,104.64,NO_SIGN,NO_SIGN,0.0000,0,0,0.00
1777994007.2400,101.07,NO_SIGN,NO_SIGN,0.0000,0,0,0.00
1777994007.3473,99.43,NO_SIGN,NO_SIGN,0.0000,0,0,0.00
1777994007.4673,109.61,NO_SIGN,NO_SIGN,0.0000,0,0,0.00
1777994007.6112,133.57,NO_SIGN,NO_SIGN,0.0000,0,0,0.00
1777994007.7204,98.61,NO_SIGN,NO_SIGN,0.0000,0,0,0.00
1777994007.8223,91.62,NO_SIGN,NO_SIGN,0.0000,0,0,0.00
1777994007.9361,105.99,NO_SIGN,NO_SIGN,0.0000,0,0,0.00
1777994008.0503,105.68,NO_SIGN,NO_SIGN,0.0000,0,0,0.00
1777994008.1698,108.53,NO_SIGN,NO_SIGN,0.0000,0,0,0.00
1777994008.2827,101.16,NO_SIGN,NO_SIGN,0.0000,0,0,0.00
1777994008.3823,92.05,NO_SIGN,NO_SIGN,0.0000,0,0,0.00
1777994008.4882,97.48,NO_SIGN,NO_SIGN,0.0000,0,0,0.00
1777994008.6065,107.50,NO_SIGN,NO_SIGN,0.0000,0,0,0.00
1777994008.7289,110.19,NO_SIGN,NO_SIGN,0.0000,0,0,0.00
