timestamp,latency_ms,mode,detection_latency_ms,tracking_latency_ms,detected_state,confirmed_state,num_circles,best_color_ratio,candidates_found,detection_rate_pct
1777993937.7283,74.86,TRACKING,33.26,0.00,RED,UNKNOWN,3,0.7888,1,0.00
1777993937.7710,21.36,TRACKING,0.00,5.83,RED,UNKNOWN,3,0.6861,1,0.00
1777993937.8098,19.81,TRACKING,0.00,4.55,RED,UNKNOWN,3,0.4908,1,0.00
1777993937.8501,15.43,TRACKING,0.00,5.29,RED,UNKNOWN,3,0.3076,1,0.00
1777993937.9235,34.39,TRACKING,0.00,12.19,RED,RED,3,0.3106,1,20.00
1777993937.9804,33.86,TRACKING,0.00,6.45,RED,RED,3,0.3789,1,33.33
1777993938.0018,13.75,TRACKING,0.00,4.31,RED,RED,3,0.3681,1,42.86
1777993938.0671,31.14,TRACKING,0.00,8.58,RED,RED,3,0.3697,1,50.00
1777993938.1007,16.01,TRACKING,0.00,5.47,RED,RED,3,0.6972,1,55.56
1777993938.1533,18.17,TRACKING,0.00,7.49,RED,RED,5,0.6652,1,60.00
1777993938.2153,26.99,TRACKING,0.00,9.37,RED,RED,3,0.5616,1,63.64
1777993938.2564,17.90,TRACKING,0.00,4.17,UNKNOWN,RED,2,0.0370,1,66.67
1777993938.3304,28.55,TRACKING,0.00,9.57,RED,RED,4,0.4171,1,69.23
1777993938.3732,34.09,TRACKING,0.00,9.87,RED,RED,4,0.4167,1,71.43
1777993938.4367,36.31,TRACKING,0.00,19.64,RED,RED,5,0.5740,1,73.33
1777993938.4711,14.91,TRACKING,0.00,6.24,RED,RED,3,0.8422,1,75.00
1777993938.5153,26.17,TRACKING,0.00,11.60,RED,RED,3,0.8502,1,76.47
1777993938.5835,35.46,TRACKING,0.00,13.10,RED,RED,3,0.8082,1,77.78
1777993938.6118,23.35,TRACKING,0.00,8.92,RED,RED,3,0.8478,1,78.95
1777993938.6543,18.72,TRACKING,0.00,7.34,RED,RED,3,0.8060,1,80.00
1777993938.7212,25.03,TRACKING,0.00,5.01,RED,RED,3,0.8534,1,80.95
1777993938.7823,44.38,TRACKING,0.00,10.37,RED,RED,3,0.8534,1,81.82
1777993938.8413,36.56,TRACKING,0.00,9.77,RED,RED,3,0.8629,1,82.61
1777993938.8805,23.90,TRACKING,0.00,4.88,RED,RED,3,0.7877,1,83.33
1777993938.9183,21.13,TRACKING,0.00,9.60,RED,RED,3,0.8622,1,84.00
1777993938.9598,16.37,TRACKING,0.00,5.00,RED,RED,3,0.8781,1,84.62
1777993939.0090,18.47,TRACKING,0.00,5.51,RED,RED,3,0.8293,1,85.19
1777993939.0635,25.27,TRACKING,0.00,5.61,RED,RED,3,0.8422,1,85.71
1777993939.1231,26.66,TRACKING,0.00,10.30,RED,RED,3,0.8566,1,86.21
1777993939.1743,24.30,TRACKING,0.00,8.50,RED,RED,3,0.8286,1,86.67
1777993939.2303,32.21,TRACKING,0.00,12.56,RED,RED,3,0.8104,1,87.10
1777993939.2656,29.44,TRACKING,0.00,9.23,RED,RED,3,0.8367,1,87.50
1777993939.3102,16.88,TRACKING,0.00,5.81,RED,RED,3,0.8526,1,87.88
1777993939.3604,24.65,TRACKING,0.00,8.48,RED,RED,3,0.8518,1,88.24
1777993939.4078,20.49,TRACKING,0.00,7.36,RED,RED,3,0.8343,1,88.57
1777993939.4786,38.76,TRACKING,0.00,13.24,RED,RED,3,0.8502,1,88.89
1777993939.5161,30.15,TRACKING,0.00,13.03,RED,RED,3,0.8343,1,89.19
1777993939.5663,26.39,TRACKING,0.00,11.85,RED,RED,3,0.8550,1,89.47
1777993939.6077,19.25,TRACKING,0.00,7.27,RED,RED,3,0.8406,1,89.74
1777993939.6718,36.95,TRACKING,0.00,13.15,RED,RED,3,0.8510,1,90.00
1777993939.7130,19.66,TRACKING,0.00,6.56,RED,RED,3,0.8470,1,90.24
1777993939.8384,74.89,TRACKING,0.00,30.09,RED,RED,3,0.8023,1,90.48
1777993939.8952,39.69,TRACKING,0.00,16.40,RED,RED,3,0.8023,1,90.70
1777993939.9478,24.57,TRACKING,0.00,8.25,RED,RED,3,0.8502,1,90.91
1777993939.9928,27.77,TRACKING,0.00,10.61,RED,RED,3,0.8669,1,91.11
1777993940.0329,15.96,TRACKING,0.00,5.19,RED,RED,3,0.8359,1,91.30
1777993940.0785,28.51,TRACKING,0.00,6.76,RED,RED,3,0.8016,1,91.49
1777993940.1218,20.68,TRACKING,0.00,9.67,RED,RED,3,0.8335,1,91.67
1777993940.1855,39.14,TRACKING,0.00,10.57,RED,RED,3,0.8510,1,91.84
1777993940.2309,31.93,TRACKING,0.00,7.98,RED,RED,3,0.8359,1,92.00
1777993940.2882,35.84,TRACKING,0.00,16.08,RED,RED,4,0.8001,1,92.16
1777993940.3151,15.19,TRACKING,0.00,6.42,RED,RED,3,0.8242,1,92.31
1777993940.3681,20.16,TRACKING,0.00,7.02,RED,RED,3,0.8327,1,92.45
1777993940.4171,26.99,TRACKING,0.00,10.06,RED,RED,3,0.8001,1,92.59
1777993940.4748,29.22,TRACKING,0.00,6.15,RED,RED,3,0.8023,1,92.73
1777993940.5077,19.03,TRACKING,0.00,7.80,RED,RED,3,0.8335,1,92.86
1777993940.5633,27.29,TRACKING,0.00,7.33,RED,RED,3,0.8677,1,92.98
1777993940.6273,32.75,TRACKING,0.00,13.20,RED,RED,3,0.8009,1,93.10
1777993940.7195,47.28,TRACKING,0.00,25.83,RED,RED,3,0.8502,1,93.22
1777993940.7837,35.50,TRACKING,0.00,13.82,RED,RED,3,0.8486,1,93.33
1777993940.8358,27.42,TRACKING,0.00,7.51,RED,RED,3,0.8335,1,93.44
1777993940.8799,26.32,TRACKING,0.00,6.11,RED,RED,3,0.8494,1,93.55
1777993940.9251,32.71,TRACKING,0.00,8.12,RED,RED,3,0.8693,1,93.65
1777993940.9861,44.76,TRACKING,0.00,21.84,RED,RED,3,0.8016,1,93.75
1777993941.0318,31.53,TRACKING,0.00,13.00,RED,RED,3,0.8016,1,93.85
1777993941.0995,42.98,TRACKING,0.00,11.71,RED,RED,3,0.8534,1,93.94
1777993941.1441,27.06,TRACKING,0.00,4.86,RED,RED,3,0.7184,1,94.03
1777993941.1937,25.51,TRACKING,0.00,10.50,RED,RED,3,0.8478,1,94.12
1777993941.2348,25.42,TRACKING,0.00,8.52,RED,RED,3,0.8023,1,94.20
1777993941.2743,27.05,TRACKING,0.00,7.31,RED,RED,3,0.8023,1,94.29
1777993941.3051,18.74,TRACKING,0.00,6.59,RED,RED,3,0.8478,1,94.37
1777993941.4027,52.60,TRACKING,0.00,17.28,RED,RED,3,0.8023,1,94.44
1777993941.4449,34.34,TRACKING,0.00,14.88,RED,RED,3,0.8023,1,94.52
1777993941.5073,37.37,TRACKING,0.00,16.08,RED,RED,3,0.8089,1,94.59
1777993941.5378,16.08,TRACKING,0.00,4.37,RED,RED,3,0.7877,1,94.67
1777993941.5687,18.51,TRACKING,0.00,5.86,RED,RED,3,0.8582,1,94.74
1777993941.6044,20.88,TRACKING,0.00,6.50,RED,RED,3,0.8104,1,94.81
1777993941.6547,17.11,TRACKING,0.00,6.01,RED,RED,3,0.8367,1,94.87
1777993941.7210,26.12,TRACKING,0.00,9.52,RED,RED,3,0.8438,1,94.94
1777993941.7606,25.54,TRACKING,0.00,8.69,RED,RED,3,0.8438,1,95.00
1777993941.8052,18.46,TRACKING,0.00,4.62,RED,RED,3,0.8988,1,95.06
1777993941.8739,27.46,TRACKING,0.00,12.90,RED,RED,3,0.8775,1,95.12
1777993941.9197,27.42,TRACKING,0.00,13.13,RED,RED,3,0.8775,1,95.18
1777993942.0294,68.10,TRACKING,0.00,18.89,RED,RED,3,0.7967,1,95.24
1777993942.1252,56.40,TRACKING,0.00,26.46,RED,RED,3,0.8119,1,95.29
1777993942.1961,20.57,TRACKING,0.00,6.33,RED,RED,4,0.7113,1,95.35
1777993942.2414,22.86,TRACKING,0.00,8.99,RED,RED,4,0.4704,1,95.40
1777993942.2740,21.63,TRACKING,0.00,10.69,RED,RED,3,0.7848,1,95.45
1777993942.3049,17.52,TRACKING,0.00,4.98,RED,RED,3,0.7287,1,95.51
1777993942.3544,15.04,TRACKING,0.00,5.26,RED,RED,3,0.6871,1,95.56
1777993942.4002,15.15,TRACKING,0.00,6.80,RED,RED,3,0.4081,1,95.60
1777993942.4522,14.52,TRACKING,0.00,4.45,RED,RED,3,0.8614,1,95.65
1777993942.5188,28.96,TRACKING,0.00,8.31,RED,RED,3,0.8169,1,95.70
1777993942.6235,66.81,TRACKING,0.00,38.87,RED,RED,3,0.7921,1,95.74
1777993942.6851,39.36,TRACKING,0.00,10.80,RED,RED,3,0.8556,1,95.79
1777993942.7425,33.25,TRACKING,0.00,11.46,RED,RED,4,0.4621,1,95.83
1777993942.7810,17.79,TRACKING,0.00,7.09,RED,RED,3,0.8244,1,95.88
1777993942.8860,71.80,TRACKING,0.00,26.53,RED,RED,3,0.8629,1,95.92
1777993942.9491,30.23,TRACKING,0.00,14.59,RED,RED,3,0.9081,1,95.96
1777993943.0099,26.63,TRACKING,0.00,12.49,RED,RED,3,0.8924,1,96.00
1777993943.0691,37.54,TRACKING,0.00,20.21,RED,RED,3,0.9044,1,96.04
1777993943.1137,22.40,TRACKING,0.00,7.98,RED,RED,3,0.8330,1,96.08
1777993943.1676,29.00,TRACKING,0.00,9.46,RED,RED,3,0.8086,1,96.12
1777993943.2124,16.82,TRACKING,0.00,4.67,RED,RED,3,0.8352,1,96.15
1777993943.2544,18.93,TRACKING,0.00,7.14,RED,RED,3,0.8592,1,96.19
1777993943.3044,19.17,TRACKING,0.00,6.11,RED,RED,3,0.8767,1,96.23
1777993943.3890,39.79,TRACKING,0.00,13.48,RED,RED,3,0.7789,1,96.26
1777993943.4242,27.18,TRACKING,0.00,9.15,RED,RED,3,0.8765,1,96.30
1777993943.4533,16.21,TRACKING,0.00,3.27,UNKNOWN,RED,2,0.0000,1,96.33
1777993943.5229,31.43,TRACKING,0.00,14.84,UNKNOWN,RED,2,0.0000,1,96.36
1777993943.5667,15.55,TRACKING,0.00,6.76,UNKNOWN,UNKNOWN,3,0.0000,1,95.50
1777993943.6091,16.84,TRACKING,0.00,6.25,UNKNOWN,UNKNOWN,4,0.0703,1,94.64
1777993943.6554,16.77,TRACKING,0.00,6.64,UNKNOWN,UNKNOWN,3,0.0592,1,93.81
1777993943.7023,15.20,TRACKING,0.00,4.96,UNKNOWN,UNKNOWN,2,0.0000,1,92.98
1777993943.7798,29.63,TRACKING,0.00,7.25,UNKNOWN,UNKNOWN,3,0.0787,1,92.17
1777993943.8230,31.63,TRACKING,0.00,7.04,UNKNOWN,UNKNOWN,2,0.0000,1,91.38
1777993943.8863,36.88,TRACKING,0.00,8.05,UNKNOWN,UNKNOWN,2,0.0000,1,90.60
1777993943.9332,26.78,TRACKING,0.00,9.88,UNKNOWN,UNKNOWN,2,0.0000,1,89.83
1777993943.9735,18.66,TRACKING,0.00,6.49,UNKNOWN,UNKNOWN,2,0.0000,1,89.08
1777993944.0191,15.93,TRACKING,0.00,3.43,UNKNOWN,UNKNOWN,2,0.0000,1,88.33
1777993944.0776,25.41,TRACKING,0.00,6.48,UNKNOWN,UNKNOWN,2,0.0000,1,87.60
1777993944.1103,18.21,TRACKING,0.00,4.59,UNKNOWN,UNKNOWN,2,0.0000,1,86.89
1777993944.1627,23.54,TRACKING,0.00,12.61,UNKNOWN,UNKNOWN,2,0.0000,1,86.18
1777993944.2249,38.34,TRACKING,0.00,18.26,UNKNOWN,UNKNOWN,2,0.0000,1,85.48
1777993944.2581,17.25,TRACKING,0.00,4.40,UNKNOWN,UNKNOWN,2,0.0000,1,84.80
1777993944.3007,16.05,TRACKING,0.00,3.87,UNKNOWN,UNKNOWN,2,0.0000,1,84.13
1777993944.3817,35.06,TRACKING,0.00,12.18,UNKNOWN,UNKNOWN,2,0.0000,1,83.46
1777993944.4197,24.85,TRACKING,0.00,7.15,UNKNOWN,UNKNOWN,2,0.0000,1,82.81
1777993944.4687,24.55,TRACKING,0.00,8.31,RED,UNKNOWN,3,0.2937,1,82.17
1777993944.5631,47.51,TRACKING,0.00,23.43,RED,UNKNOWN,4,0.2591,1,81.54
1777993944.6452,44.55,TRACKING,0.00,24.19,RED,RED,3,0.5505,1,81.68
1777993944.7039,26.13,TRACKING,0.00,6.88,RED,RED,3,0.8252,1,81.82
1777993944.7341,13.92,TRACKING,0.00,5.09,RED,RED,3,0.7587,1,81.95
1777993944.7718,21.54,TRACKING,0.00,9.99,RED,RED,3,0.7199,1,82.09
1777993944.8167,25.70,TRACKING,0.00,7.80,RED,RED,3,0.5583,1,82.22
1777993944.8496,12.90,TRACKING,0.00,6.83,RED,RED,3,0.8243,1,82.35
1777993944.9080,19.88,TRACKING,0.00,6.95,RED,RED,4,0.3784,1,82.48
1777993944.9656,26.05,TRACKING,0.00,8.99,RED,RED,4,0.3818,1,82.61
1777993945.0400,47.81,TRACKING,0.00,14.24,RED,RED,3,0.7562,1,82.73
1777993945.1031,45.39,TRACKING,0.00,13.52,RED,RED,3,0.5583,1,82.86
1777993945.1440,28.27,TRACKING,0.00,9.48,RED,RED,3,0.8243,1,82.98
1777993945.1956,29.31,TRACKING,0.00,18.59,RED,RED,3,0.4856,1,83.10
1777993945.2893,66.13,TRACKING,0.00,24.48,RED,RED,4,0.4547,1,83.22
1777993945.3350,28.11,TRACKING,0.00,9.81,RED,RED,3,0.6851,1,83.33
1777993945.4015,48.79,TRACKING,0.00,13.25,RED,RED,3,0.7036,1,83.45
1777993945.4687,36.27,TRACKING,0.00,13.36,RED,RED,3,0.7651,1,83.56
1777993945.5318,21.81,TRACKING,0.00,6.33,RED,RED,3,0.8351,1,83.67
1777993945.6182,54.49,TRACKING,0.00,26.62,RED,RED,3,0.8343,1,83.78
1777993945.6909,42.22,TRACKING,0.00,17.19,RED,RED,3,0.8249,1,83.89
1777993945.7409,32.21,TRACKING,0.00,8.87,RED,RED,3,0.8614,1,84.00
1777993945.7822,23.92,TRACKING,0.00,8.65,RED,RED,3,0.8343,1,84.11
1777993945.8275,23.53,TRACKING,0.00,9.06,RED,RED,3,0.8781,1,84.21
1777993945.8797,32.38,TRACKING,0.00,14.34,RED,RED,3,0.8271,1,84.31
1777993945.9289,27.16,TRACKING,0.00,11.18,RED,RED,3,0.8629,1,84.42
1777993945.9670,21.79,TRACKING,0.00,6.28,RED,RED,3,0.8518,1,84.52
1777993946.0116,14.92,TRACKING,0.00,5.28,RED,RED,3,0.7657,1,84.62
1777993946.0583,19.08,TRACKING,0.00,5.94,RED,RED,3,0.8228,1,84.71
1777993946.1095,18.94,TRACKING,0.00,5.61,RED,RED,3,0.8430,1,84.81
1777993946.1573,19.58,TRACKING,0.00,6.82,RED,RED,3,0.8382,1,84.91
1777993946.2099,24.38,TRACKING,0.00,7.70,RED,RED,3,0.7651,1,85.00
1777993946.2632,27.48,TRACKING,0.00,10.48,RED,RED,3,0.8367,1,85.09
1777993946.2992,14.10,TRACKING,0.00,3.36,RED,RED,3,0.7965,1,85.19
1777993946.3450,10.55,TRACKING,0.00,3.44,RED,RED,3,0.8425,1,85.28
1777993946.4154,25.19,TRACKING,0.00,13.13,RED,RED,3,0.8598,1,85.37
1777993946.4666,27.59,TRACKING,0.00,10.13,RED,RED,3,0.8527,1,85.45
1777993946.5011,15.17,TRACKING,0.00,4.97,RED,RED,3,0.7366,1,85.54
1777993946.5508,14.03,TRACKING,0.00,5.14,RED,RED,3,0.8308,1,85.63
1777993946.5977,12.82,TRACKING,0.00,4.29,RED,RED,3,0.8972,1,85.71
1777993946.6948,47.69,TRACKING,0.00,34.26,RED,RED,3,0.8425,1,85.80
1777993946.7480,46.88,TRACKING,0.00,22.58,RED,RED,3,0.8829,1,85.88
1777993946.8188,39.70,TRACKING,0.00,8.72,RED,RED,3,0.8693,1,85.96
1777993946.8776,32.41,TRACKING,0.00,11.84,RED,RED,3,0.8104,1,86.05
1777993946.9129,18.00,TRACKING,0.00,5.17,RED,RED,3,0.8111,1,86.13
1777993946.9609,20.72,TRACKING,0.00,6.31,RED,RED,4,0.8381,1,86.21
1777993947.0065,16.29,TRACKING,0.00,4.48,RED,RED,3,0.8191,1,86.29
1777993947.0850,42.52,TRACKING,0.00,7.64,RED,RED,3,0.8585,1,86.36
1777993947.1174,24.85,TRACKING,0.00,7.75,RED,RED,3,0.8373,1,86.44
1777993947.1529,16.89,TRACKING,0.00,4.84,RED,RED,3,0.8301,1,86.52
1777993947.2244,35.64,TRACKING,0.00,8.55,RED,RED,3,0.8373,1,86.59
1777993947.2883,49.53,TRACKING,0.00,16.58,RED,RED,3,0.8390,1,86.67
1777993947.3283,25.22,TRACKING,0.00,5.44,RED,RED,3,0.8257,1,86.74
1777993947.3600,15.95,TRACKING,0.00,4.91,RED,RED,3,0.8155,1,86.81
1777993947.4179,30.16,TRACKING,0.00,5.35,RED,RED,3,0.6340,1,86.89
1777993947.4589,16.37,TRACKING,0.00,5.60,RED,RED,3,0.8582,1,86.96
1777993947.5271,36.19,TRACKING,0.00,11.44,RED,RED,3,0.8582,1,87.03
1777993947.5550,16.13,TRACKING,0.00,4.67,RED,RED,3,0.8125,1,87.10
1777993947.6089,20.65,TRACKING,0.00,4.66,RED,RED,3,0.8125,1,87.17
1777993947.6511,13.69,TRACKING,0.00,4.56,RED,RED,3,0.8351,1,87.23
1777993947.7196,21.91,TRACKING,0.00,8.05,RED,RED,3,0.8125,1,87.30
1777993947.7592,22.31,TRACKING,0.00,5.17,RED,RED,3,0.7994,1,87.37
1777993947.8082,21.16,TRACKING,0.00,6.16,RED,RED,3,0.8598,1,87.43
1777993947.8773,25.41,TRACKING,0.00,9.31,RED,RED,3,0.8074,1,87.50
1777993947.9264,25.15,TRACKING,0.00,9.45,RED,RED,3,0.8067,1,87.56
1777993947.9866,27.84,TRACKING,0.00,14.57,RED,RED,3,0.8045,1,87.63
1777993948.0295,28.61,TRACKING,0.00,6.32,RED,RED,3,0.8045,1,87.69
1777993948.0610,16.04,TRACKING,0.00,5.59,RED,RED,3,0.8038,1,87.76
1777993948.1241,28.94,TRACKING,0.00,7.44,RED,RED,3,0.8053,1,87.82
1777993948.1733,32.33,TRACKING,0.00,12.39,RED,RED,3,0.8053,1,87.88
1777993948.2082,16.93,TRACKING,0.00,5.79,RED,RED,3,0.7870,1,87.94
1777993948.2533,15.65,TRACKING,0.00,4.08,RED,RED,3,0.8038,1,88.00
1777993948.3141,26.60,TRACKING,0.00,6.24,RED,RED,3,0.8045,1,88.06
1777993948.3697,26.00,TRACKING,0.00,4.78,RED,RED,3,0.8016,1,88.12
1777993948.4216,25.53,TRACKING,0.00,5.78,RED,RED,3,0.8053,1,88.18
1777993948.4571,21.18,TRACKING,0.00,6.46,RED,RED,3,0.8067,1,88.24
1777993948.5072,23.00,TRACKING,0.00,5.57,RED,RED,3,0.8104,1,88.29
1777993948.5554,19.09,TRACKING,0.00,5.59,RED,RED,3,0.8082,1,88.35
1777993948.6052,19.05,TRACKING,0.00,4.88,RED,RED,3,0.8606,1,88.41
1777993948.6778,30.65,TRACKING,0.00,5.52,RED,RED,3,0.8074,1,88.46
1777993948.7139,17.64,TRACKING,0.00,4.92,RED,RED,3,0.8089,1,88.52
1777993948.7584,23.25,TRACKING,0.00,5.33,RED,RED,3,0.8089,1,88.57
1777993948.8059,20.99,TRACKING,0.00,5.50,RED,RED,3,0.8082,1,88.63
1777993948.8517,15.33,TRACKING,0.00,4.56,RED,RED,3,0.8082,1,88.68
1777993948.9082,22.37,TRACKING,0.00,4.90,RED,RED,3,0.7907,1,88.73
1777993948.9587,21.22,TRACKING,0.00,10.94,RED,RED,3,0.8074,1,88.79
1777993949.0154,27.39,TRACKING,0.00,9.72,RED,RED,3,0.8147,1,88.84
1777993949.0622,20.13,TRACKING,0.00,7.53,RED,RED,2,0.8574,1,88.89
1777993949.1170,26.56,TRACKING,0.00,7.48,RED,RED,3,0.8096,1,88.94
1777993949.1599,23.31,TRACKING,0.00,5.73,RED,RED,3,0.8133,1,88.99
1777993949.2082,20.70,TRACKING,0.00,4.10,RED,RED,3,0.8118,1,89.04
1777993949.2491,12.85,TRACKING,0.00,4.71,RED,RED,3,0.8140,1,89.09
1777993949.3001,13.05,TRACKING,0.00,4.41,RED,RED,3,0.8140,1,89.14
1777993949.3611,10.42,TRACKING,0.00,3.45,RED,RED,3,0.8140,1,89.19
1777993949.3981,14.71,TRACKING,0.00,4.99,RED,RED,3,0.8140,1,89.24
1777993949.4620,17.68,TRACKING,0.00,6.28,RED,RED,3,0.8133,1,89.29
1777993949.5005,15.61,TRACKING,0.00,7.44,RED,RED,3,0.8001,1,89.33
1777993949.5637,24.79,TRACKING,0.00,10.41,RED,RED,3,0.7965,1,89.38
1777993949.6032,17.53,TRACKING,0.00,5.37,RED,RED,3,0.8118,1,89.43
1777993949.6571,18.86,TRACKING,0.00,6.05,RED,RED,3,0.7972,1,89.47
1777993949.7419,47.11,TRACKING,0.00,14.54,RED,RED,3,0.8733,1,89.52
1777993949.7747,25.57,TRACKING,0.00,9.95,RED,RED,3,0.8308,1,89.57
1777993949.8016,15.08,TRACKING,0.00,4.45,RED,RED,3,0.8733,1,89.61
1777993949.8651,30.03,TRACKING,0.00,10.79,RED,RED,3,0.8125,1,89.66
1777993949.9023,14.81,TRACKING,0.00,3.61,RED,RED,3,0.8716,1,89.70
1777993949.9534,16.73,TRACKING,0.00,5.46,RED,RED,3,0.9124,1,89.74
1777993950.0197,31.45,TRACKING,0.00,7.63,RED,RED,3,0.8731,1,89.79
1777993950.0718,21.43,TRACKING,0.00,8.45,RED,RED,3,0.4896,1,89.83
1777993950.1119,18.67,TRACKING,0.00,7.25,RED,RED,3,0.8582,1,89.87
1777993950.1712,28.73,TRACKING,0.00,9.74,RED,RED,3,0.7729,1,89.92
1777993950.2524,55.54,TRACKING,0.00,25.10,RED,RED,3,0.7538,1,89.96
1777993950.2817,17.83,TRACKING,0.00,8.31,RED,RED,3,0.8701,1,90.00
1777993950.3639,41.90,TRACKING,0.00,18.37,RED,RED,3,0.8425,1,90.04
1777993950.4520,43.86,TRACKING,0.00,19.87,RED,RED,3,0.7531,1,90.08
1777993950.5427,36.10,TRACKING,0.00,12.08,RED,RED,3,0.7644,1,90.12
1777993950.5859,15.81,TRACKING,0.00,4.97,RED,RED,3,0.8476,1,90.16
1777993950.6168,18.81,TRACKING,0.00,8.21,RED,RED,3,0.7967,1,90.20
1777993950.6519,15.64,TRACKING,0.00,4.34,RED,RED,3,0.7460,1,90.24
1777993950.7209,32.05,TRACKING,0.00,15.73,RED,RED,3,0.7953,1,90.28
1777993950.7491,15.91,TRACKING,0.00,6.36,RED,RED,3,0.7493,1,90.32
1777993950.8270,26.22,TRACKING,0.00,8.96,RED,RED,3,0.8159,1,90.36
1777993950.8814,30.82,TRACKING,0.00,15.05,RED,RED,3,0.8462,1,90.40
1777993950.9286,27.73,TRACKING,0.00,8.85,RED,RED,3,0.7167,1,90.44
1777993950.9631,18.33,TRACKING,0.00,5.85,RED,RED,3,0.8238,1,90.48
1777993951.0396,31.76,TRACKING,0.00,7.02,RED,RED,3,0.7967,1,90.51
1777993951.0690,23.01,TRACKING,0.00,9.84,RED,RED,3,0.8013,1,90.55
1777993951.1176,18.73,TRACKING,0.00,8.38,RED,RED,3,0.7729,1,90.59
1777993951.1532,17.84,TRACKING,0.00,6.68,RED,RED,3,0.8279,1,90.62
1777993951.2197,20.74,TRACKING,0.00,8.77,RED,RED,3,0.8191,1,90.66
1777993951.2563,21.64,TRACKING,0.00,4.97,RED,RED,3,0.7604,1,90.70
1777993951.2971,12.40,TRACKING,0.00,4.86,RED,RED,3,0.7630,1,90.73
1777993951.3593,20.42,TRACKING,0.00,7.08,RED,RED,3,0.8162,1,90.77
1777993951.4221,31.29,TRACKING,0.00,7.17,RED,RED,3,0.7373,1,90.80
1777993951.4688,23.44,TRACKING,0.00,10.20,RED,RED,3,0.7980,1,90.84
1777993951.5059,20.24,TRACKING,0.00,6.76,RED,RED,3,0.8133,1,90.87
1777993951.5619,21.91,TRACKING,0.00,5.47,RED,RED,3,0.7958,1,90.91
1777993951.6347,30.88,TRACKING,0.00,9.81,RED,RED,3,0.8088,1,90.94
1777993951.6716,22.22,TRACKING,0.00,13.02,RED,RED,3,0.7170,1,90.98
1777993951.7289,33.27,TRACKING,0.00,16.06,RED,RED,3,0.8092,1,91.01
1777993951.7642,23.99,TRACKING,0.00,8.05,RED,RED,3,0.7928,1,91.04
1777993951.8084,20.54,TRACKING,0.00,4.37,RED,RED,3,0.7753,1,91.08
1777993951.8561,19.06,TRACKING,0.00,5.21,RED,RED,3,0.7570,1,91.11
1777993951.9454,48.46,TRACKING,0.00,21.42,RED,RED,3,0.7693,1,91.14
1777993951.9978,39.95,TRACKING,0.00,19.87,RED,RED,3,0.7498,1,91.18
1777993952.0429,27.51,TRACKING,0.00,14.18,RED,RED,3,0.7386,1,91.21
1777993952.0792,22.49,TRACKING,0.00,10.04,RED,RED,3,0.8640,1,91.24
1777993952.1250,26.62,TRACKING,0.00,14.48,RED,RED,3,0.7285,1,91.27
1777993952.1561,15.51,TRACKING,0.00,3.64,RED,RED,3,0.8371,1,91.30
1777993952.2003,16.43,TRACKING,0.00,4.06,RED,RED,3,0.7686,1,91.34
1777993952.2564,10.33,TRACKING,0.00,3.48,RED,RED,3,0.7835,1,91.37
1777993952.3229,35.42,TRACKING,0.00,8.60,RED,RED,3,0.7656,1,91.40
1777993952.3751,32.47,TRACKING,0.00,9.26,RED,RED,3,0.7356,1,91.43
1777993952.4338,32.47,TRACKING,0.00,14.32,RED,RED,3,0.7453,1,91.46
1777993952.4871,32.31,TRACKING,0.00,11.56,RED,RED,3,0.8943,1,91.49
1777993952.5356,25.24,TRACKING,0.00,8.55,RED,RED,3,0.7533,1,91.52
1777993952.5793,27.50,TRACKING,0.00,11.78,RED,RED,3,0.7163,1,91.55
1777993952.6256,24.92,TRACKING,0.00,9.02,RED,RED,3,0.8092,1,91.58
1777993952.6693,26.29,TRACKING,0.00,9.01,RED,RED,3,0.7522,1,91.61
1777993952.7236,18.37,TRACKING,0.00,5.63,RED,RED,3,0.7888,1,91.64
1777993952.7716,21.82,TRACKING,0.00,8.48,RED,RED,3,0.7498,1,91.67
1777993952.8157,19.88,TRACKING,0.00,7.00,RED,RED,3,0.7046,1,91.70
1777993952.8717,21.82,TRACKING,0.00,7.74,RED,RED,3,0.7426,1,91.72
1777993952.9026,18.35,TRACKING,0.00,4.83,RED,RED,3,0.8287,1,91.75
1777993952.9733,31.68,TRACKING,0.00,12.03,RED,RED,3,0.8314,1,91.78
1777993953.0252,27.62,TRACKING,0.00,8.23,RED,RED,3,0.8191,1,91.81
1777993953.0628,22.11,TRACKING,0.00,5.71,RED,RED,3,0.7644,1,91.84
1777993953.1072,20.19,TRACKING,0.00,7.79,RED,RED,3,0.7907,1,91.86
1777993953.1618,25.55,TRACKING,0.00,5.70,RED,RED,3,0.7479,1,91.89
1777993953.2443,54.80,TRACKING,0.00,16.37,RED,RED,3,0.7281,1,91.92
1777993953.2959,38.01,TRACKING,0.00,19.96,RED,RED,3,0.7281,1,91.95
1777993953.3563,32.23,TRACKING,0.00,7.86,RED,RED,3,0.7099,1,91.97
1777993953.4244,40.89,TRACKING,0.00,15.89,RED,RED,3,0.7597,1,92.00
1777993953.4889,33.47,TRACKING,0.00,16.05,RED,RED,3,0.7274,1,92.03
1777993953.5382,28.79,TRACKING,0.00,13.14,RED,RED,3,0.7789,1,92.05
1777993953.5856,20.64,TRACKING,0.00,6.30,RED,RED,3,0.7826,1,92.08
1777993953.6420,33.06,TRACKING,0.00,11.51,RED,RED,3,0.8119,1,92.11
1777993953.6746,15.41,TRACKING,0.00,5.05,RED,RED,3,0.8025,1,92.13
1777993953.7218,27.16,TRACKING,0.00,6.47,RED,RED,3,0.8031,1,92.16
1777993953.7579,15.47,TRACKING,0.00,5.36,RED,RED,3,0.7489,1,92.18
1777993953.8081,17.47,TRACKING,0.00,7.52,RED,RED,3,0.7769,1,92.21
1777993953.8672,28.38,TRACKING,0.00,9.51,RED,RED,3,0.7400,1,92.23
1777993953.9173,23.55,TRACKING,0.00,6.96,RED,RED,3,0.7622,1,92.26
1777993953.9654,28.48,TRACKING,0.00,9.21,RED,RED,3,0.8076,1,92.28
1777993954.0187,30.22,TRACKING,0.00,13.42,RED,RED,3,0.8752,1,92.31
1777993954.0894,36.85,TRACKING,0.00,15.02,RED,RED,3,0.8124,1,92.33
1777993954.1155,17.99,TRACKING,0.00,5.51,RED,RED,3,0.8124,1,92.36
1777993954.1654,18.67,TRACKING,0.00,5.14,RED,RED,3,0.8692,1,92.38
1777993954.2152,22.81,TRACKING,0.00,7.39,RED,RED,3,0.8104,1,92.41
1777993954.2745,31.19,TRACKING,0.00,12.41,RED,RED,3,0.8104,1,92.43
1777993954.3402,45.62,TRACKING,0.00,25.55,RED,RED,3,0.7335,1,92.45
1777993954.3727,16.71,TRACKING,0.00,8.22,RED,RED,3,0.7895,1,92.48
1777993954.4091,22.02,TRACKING,0.00,5.64,RED,RED,3,0.7916,1,92.50
1777993954.4522,16.90,TRACKING,0.00,6.54,RED,RED,3,0.7063,1,92.52
1777993954.5013,15.85,TRACKING,0.00,5.48,RED,RED,3,0.7826,1,92.55
1777993954.5698,26.09,TRACKING,0.00,9.83,RED,RED,3,0.7912,1,92.57
1777993954.6398,29.38,TRACKING,0.00,8.50,RED,RED,3,0.7082,1,92.59
1777993954.6939,24.41,TRACKING,0.00,12.29,RED,RED,3,0.7705,1,92.62
1777993954.7502,41.49,TRACKING,0.00,12.99,RED,RED,3,0.7928,1,92.64
1777993954.8174,41.53,TRACKING,0.00,9.44,RED,RED,3,0.7267,1,92.66
1777993954.8627,14.50,TRACKING,0.00,3.36,RED,RED,3,0.7453,1,92.68
1777993954.9148,25.17,TRACKING,0.00,9.96,RED,RED,3,0.7068,1,92.71
1777993954.9545,16.34,TRACKING,0.00,5.70,RED,RED,3,0.7311,1,92.73
1777993955.0083,20.17,TRACKING,0.00,5.02,RED,RED,3,0.7825,1,92.75
1777993955.0627,26.02,TRACKING,0.00,6.19,RED,RED,3,0.7825,1,92.77
1777993955.1056,21.64,TRACKING,0.00,7.03,RED,RED,3,0.8198,1,92.79
1777993955.1659,28.49,TRACKING,0.00,6.22,RED,RED,3,0.4551,1,92.81
1777993955.2491,45.94,TRACKING,0.00,15.36,RED,RED,3,0.6717,1,92.84
1777993955.2915,37.94,TRACKING,0.00,4.32,RED,RED,3,0.7436,1,92.86
1777993955.3345,26.19,TRACKING,0.00,6.76,RED,RED,3,0.8309,1,92.88
1777993955.3717,22.38,TRACKING,0.00,11.94,RED,RED,3,0.7478,1,92.90
1777993955.4027,16.58,TRACKING,0.00,4.15,RED,RED,3,0.7488,1,92.92
1777993955.4515,15.95,TRACKING,0.00,5.85,RED,RED,3,0.7557,1,92.94
1777993955.5006,17.04,TRACKING,0.00,5.55,RED,RED,3,0.7408,1,92.96
1777993955.5632,27.52,TRACKING,0.00,10.45,RED,RED,3,0.7309,1,92.98
1777993955.5996,15.26,TRACKING,0.00,4.38,RED,RED,3,0.7438,1,93.00
1777993955.6729,23.47,TRACKING,0.00,9.37,RED,RED,3,0.8165,1,93.02
1777993955.7232,14.82,TRACKING,0.00,5.73,RED,RED,3,0.8126,1,93.04
1777993955.7612,23.63,TRACKING,0.00,4.47,RED,RED,3,0.7475,1,93.06
1777993955.8079,19.05,TRACKING,0.00,9.63,RED,RED,3,0.7341,1,93.08
1777993955.8493,12.28,TRACKING,0.00,3.88,RED,RED,3,0.7150,1,93.10
1777993955.9203,16.13,TRACKING,0.00,6.72,RED,RED,3,0.8042,1,93.12
1777993955.9679,27.28,TRACKING,0.00,5.36,RED,RED,3,0.7686,1,93.14
1777993955.9961,11.53,TRACKING,0.00,3.40,RED,RED,3,0.8352,1,93.16
1777993956.0513,13.86,TRACKING,0.00,4.22,RED,RED,3,0.7497,1,93.18
1777993956.1181,25.27,TRACKING,0.00,7.17,RED,RED,3,0.7898,1,93.20
1777993956.1910,41.60,TRACKING,0.00,13.25,RED,RED,3,0.7686,1,93.22
1777993956.2360,32.33,TRACKING,0.00,5.75,RED,RED,3,0.8126,1,93.24
1777993956.2976,34.36,TRACKING,0.00,5.44,RED,RED,3,0.7862,1,93.26
1777993956.3456,18.10,TRACKING,0.00,6.61,RED,RED,3,0.8727,1,93.28
1777993956.4221,31.96,TRACKING,0.00,7.97,RED,RED,3,0.8741,1,93.30
1777993956.4742,31.40,TRACKING,0.00,11.24,RED,RED,3,0.7899,1,93.31
1777993956.5367,36.99,TRACKING,0.00,13.00,RED,RED,3,0.7631,1,93.33
1777993956.5889,27.65,TRACKING,0.00,8.11,RED,RED,3,0.8038,1,93.35
1777993956.6358,22.02,TRACKING,0.00,6.90,RED,RED,3,0.7608,1,93.37
1777993956.6737,20.15,TRACKING,0.00,6.39,RED,RED,3,0.8126,1,93.39
1777993956.7189,18.69,TRACKING,0.00,7.82,RED,RED,3,0.8656,1,93.41
1777993956.7785,30.84,TRACKING,0.00,12.39,RED,RED,3,0.8854,1,93.42
1777993956.8076,18.66,TRACKING,0.00,4.33,RED,RED,3,0.8430,1,93.44
1777993956.8562,21.25,TRACKING,0.00,6.20,RED,RED,3,0.8161,1,93.46
1777993956.9484,49.61,TRACKING,0.00,10.84,RED,RED,3,0.7097,1,93.48
1777993957.0122,50.29,TRACKING,0.00,12.91,RED,RED,3,0.7097,1,93.50
1777993957.0693,23.75,TRACKING,0.00,9.03,RED,RED,3,0.8412,1,93.51
1777993957.1686,65.30,TRACKING,0.00,6.09,RED,RED,3,0.8789,1,93.53
1777993957.2030,21.05,TRACKING,0.00,7.55,RED,RED,3,0.8458,1,93.55
1777993957.2338,17.10,TRACKING,0.00,3.40,RED,RED,3,0.7660,1,93.57
1777993957.2658,18.20,TRACKING,0.00,6.19,RED,RED,3,0.7698,1,93.58
1777993957.3047,21.10,TRACKING,0.00,9.58,RED,RED,3,0.7353,1,93.60
1777993957.3735,32.89,TRACKING,0.00,9.60,RED,RED,3,0.8050,1,93.62
1777993957.4195,16.58,TRACKING,0.00,6.40,RED,RED,3,0.7642,1,93.63
1777993957.4592,24.09,TRACKING,0.00,10.58,RED,RED,3,0.8138,1,93.65
1777993957.5135,25.58,TRACKING,0.00,7.68,RED,RED,3,0.7478,1,93.67
1777993957.5773,31.83,TRACKING,0.00,13.93,RED,RED,3,0.8239,1,93.68
1777993957.6244,30.94,TRACKING,0.00,5.07,RED,RED,3,0.7898,1,93.70
1777993957.6552,18.11,TRACKING,0.00,6.04,RED,RED,3,0.7527,1,93.72
1777993957.7351,44.62,TRACKING,0.00,13.08,RED,RED,3,0.7898,1,93.73
1777993957.7926,43.81,TRACKING,0.00,13.81,RED,RED,3,0.7527,1,93.75
1777993957.8226,15.58,TRACKING,0.00,4.89,RED,RED,3,0.7547,1,93.77
1777993957.8510,15.99,TRACKING,0.00,6.12,RED,RED,3,0.7716,1,93.78
1777993957.9124,25.34,TRACKING,0.00,7.32,RED,RED,3,0.7498,1,93.80
1777993957.9545,17.79,TRACKING,0.00,5.78,RED,RED,3,0.5397,1,93.81
1777993958.0363,42.54,TRACKING,0.00,22.89,RED,RED,3,0.5397,1,93.83
1777993958.0887,42.54,TRACKING,0.00,15.44,RED,RED,3,0.5397,1,93.85
1777993958.1236,23.42,TRACKING,0.00,8.62,RED,RED,3,0.5397,1,93.86
1777993958.1565,14.32,TRACKING,0.00,4.28,RED,RED,3,0.7875,1,93.88
1777993958.2113,18.62,TRACKING,0.00,6.76,RED,RED,3,0.8039,1,93.89
1777993958.2585,21.41,TRACKING,0.00,8.69,RED,RED,3,0.7586,1,93.91
1777993958.3169,29.42,TRACKING,0.00,6.95,RED,RED,3,0.7320,1,93.92
1777993958.3940,35.96,TRACKING,0.00,9.28,RED,RED,3,0.8344,1,93.94
1777993958.4426,32.21,TRACKING,0.00,11.27,RED,RED,3,0.8206,1,93.95
1777993958.4936,40.22,TRACKING,0.00,18.86,RED,RED,3,0.8403,1,93.97
1777993958.5291,19.34,TRACKING,0.00,5.98,RED,RED,3,0.8950,1,93.98
1777993958.5621,14.72,TRACKING,0.00,4.94,RED,RED,3,0.7898,1,94.00
1777993958.6098,15.75,TRACKING,0.00,5.28,RED,RED,3,0.8251,1,94.01
1777993958.6510,16.05,TRACKING,0.00,4.12,RED,RED,3,0.9256,1,94.03
1777993958.7048,18.83,TRACKING,0.00,5.31,RED,RED,3,0.8858,1,94.04
1777993958.7673,22.50,TRACKING,0.00,8.88,RED,RED,3,0.8495,1,94.06
1777993958.8173,29.50,TRACKING,0.00,13.10,RED,RED,3,0.8818,1,94.07
1777993958.8529,15.40,TRACKING,0.00,4.36,RED,RED,3,0.8826,1,94.09
1777993958.9247,38.88,TRACKING,0.00,17.79,RED,RED,3,0.8627,1,94.10
1777993958.9804,23.86,TRACKING,0.00,7.12,RED,RED,3,0.8189,1,94.12
1777993959.0086,19.87,TRACKING,0.00,5.68,RED,RED,3,0.8986,1,94.13
1777993959.0794,30.82,TRACKING,0.00,11.27,RED,RED,3,0.9103,1,94.15
1777993959.1003,12.32,TRACKING,0.00,4.55,RED,RED,3,0.9103,1,94.16
1777993959.1492,14.85,TRACKING,0.00,3.74,RED,RED,3,0.9176,1,94.17
1777993959.2129,25.18,TRACKING,0.00,7.46,RED,RED,3,0.9117,1,94.19
1777993959.2526,16.68,TRACKING,0.00,4.38,RED,RED,3,0.7744,1,94.20
1777993959.3002,15.29,TRACKING,0.00,4.08,RED,RED,3,0.9205,1,94.22
1777993959.3683,29.51,TRACKING,0.00,11.13,RED,RED,3,0.9205,1,94.23
1777993959.4493,51.68,TRACKING,0.00,21.16,RED,RED,3,0.9205,1,94.24
1777993959.5052,43.64,TRACKING,0.00,13.17,RED,RED,3,0.9205,1,94.26
1777993959.5700,45.03,TRACKING,0.00,22.52,RED,RED,3,0.9161,1,94.27
1777993959.6410,50.14,TRACKING,0.00,17.40,RED,RED,3,0.8508,1,94.29
1777993959.6710,18.15,TRACKING,0.00,7.27,RED,RED,3,0.8629,1,94.30
1777993959.7218,26.63,TRACKING,0.00,12.47,RED,RED,3,0.8502,1,94.31
1777993959.7738,21.09,TRACKING,0.00,9.02,RED,RED,3,0.5973,1,94.33
1777993959.8124,18.89,TRACKING,0.00,5.50,RED,RED,3,0.6305,1,94.34
1777993959.8679,23.57,TRACKING,0.00,9.12,RED,RED,4,0.6862,1,94.35
1777993959.9165,28.35,TRACKING,0.00,7.52,RED,RED,2,0.1705,1,94.37
1777993959.9621,20.68,TRACKING,0.00,7.50,GREEN,RED,3,0.7942,1,94.38
1777993960.0658,51.26,TRACKING,0.00,20.65,GREEN,RED,5,0.8440,1,94.39
1777993960.1190,25.65,TRACKING,0.00,12.76,GREEN,GREEN,4,0.8456,1,94.41
1777993960.1609,23.33,TRACKING,0.00,7.43,GREEN,GREEN,4,0.8402,1,94.42
1777993960.2243,19.04,TRACKING,0.00,7.45,GREEN,GREEN,4,0.8891,1,94.43
1777993960.2757,34.73,TRACKING,0.00,12.55,GREEN,GREEN,5,0.8891,1,94.44
1777993960.3318,37.10,TRACKING,0.00,20.94,GREEN,GREEN,5,0.8247,1,94.46
1777993960.3788,27.54,TRACKING,0.00,12.88,GREEN,GREEN,5,0.8386,1,94.47
1777993960.4308,31.07,TRACKING,0.00,10.87,GREEN,GREEN,5,0.9243,1,94.48
1777993960.4789,25.64,TRACKING,0.00,15.69,GREEN,GREEN,5,0.9332,1,94.50
1777993960.5386,36.95,TRACKING,0.00,10.44,GREEN,GREEN,3,0.7998,1,94.51
1777993960.5813,36.72,TRACKING,0.00,13.68,GREEN,GREEN,3,0.7677,1,94.52
1777993960.6060,19.10,TRACKING,0.00,6.64,GREEN,GREEN,3,0.8391,1,94.53
1777993960.6881,41.98,TRACKING,0.00,6.26,GREEN,GREEN,3,0.9116,1,94.55
1777993960.7432,33.06,TRACKING,0.00,14.03,GREEN,GREEN,5,0.7322,1,94.56
1777993960.8005,36.77,TRACKING,0.00,14.02,GREEN,GREEN,4,0.8679,1,94.57
1777993960.8493,31.55,TRACKING,0.00,12.79,GREEN,GREEN,4,0.8762,1,94.58
1777993960.9110,41.79,TRACKING,0.00,14.58,GREEN,GREEN,3,0.8895,1,94.59
1777993960.9786,40.18,TRACKING,0.00,12.76,GREEN,GREEN,3,0.9103,1,94.61
1777993961.0595,44.46,TRACKING,0.00,18.05,GREEN,GREEN,3,0.9020,1,94.62
1777993961.0985,18.00,TRACKING,0.00,7.54,GREEN,GREEN,3,0.9280,1,94.63
1777993961.1576,40.94,TRACKING,0.00,7.13,GREEN,GREEN,3,0.8808,1,94.64
1777993961.1947,17.59,TRACKING,0.00,6.83,GREEN,GREEN,3,0.7777,1,94.65
1777993961.2268,21.72,TRACKING,0.00,6.20,GREEN,GREEN,3,0.7820,1,94.67
1777993961.2678,20.84,TRACKING,0.00,7.52,GREEN,GREEN,3,0.7753,1,94.68
1777993961.3230,22.00,TRACKING,0.00,7.82,GREEN,GREEN,3,0.9069,1,94.69
1777993961.3818,27.75,TRACKING,0.00,17.12,GREEN,GREEN,3,0.8055,1,94.70
1777993961.4403,38.34,TRACKING,0.00,21.97,GREEN,GREEN,4,0.8564,1,94.71
1777993961.4828,22.80,TRACKING,0.00,14.51,GREEN,GREEN,3,0.9147,1,94.73
1777993961.5423,37.24,TRACKING,0.00,11.34,GREEN,GREEN,5,0.5222,1,94.74
1777993961.5898,33.76,TRACKING,0.00,19.02,GREEN,GREEN,5,0.5221,1,94.75
1777993961.6557,41.20,TRACKING,0.00,19.69,GREEN,GREEN,4,0.6801,1,94.76
1777993961.7446,45.44,TRACKING,0.00,19.31,GREEN,GREEN,3,0.7637,1,94.77
1777993961.7929,26.46,TRACKING,0.00,16.24,GREEN,GREEN,3,0.8678,1,94.78
1777993961.8430,27.88,TRACKING,0.00,10.26,GREEN,GREEN,3,0.9121,1,94.79
1777993961.8829,21.17,TRACKING,0.00,4.97,GREEN,GREEN,3,0.8579,1,94.81
1777993961.9224,22.18,TRACKING,0.00,6.98,GREEN,GREEN,4,0.3646,1,94.82
1777993961.9556,20.89,TRACKING,0.00,7.63,GREEN,GREEN,3,0.8691,1,94.83
1777993962.0038,15.27,TRACKING,0.00,4.62,GREEN,GREEN,3,0.8615,1,94.84
1777993962.0791,28.09,TRACKING,0.00,7.45,GREEN,GREEN,3,0.8610,1,94.85
1777993962.1183,24.52,TRACKING,0.00,5.88,GREEN,GREEN,3,0.8008,1,94.86
1777993962.1844,31.17,TRACKING,0.00,14.39,GREEN,GREEN,3,0.3657,1,94.87
1777993962.2051,12.89,TRACKING,0.00,4.15,GREEN,GREEN,3,0.6436,1,94.88
1777993962.2569,15.91,TRACKING,0.00,4.04,GREEN,GREEN,3,0.4121,1,94.89
1777993962.3148,24.94,TRACKING,0.00,8.29,GREEN,GREEN,3,0.8884,1,94.90
1777993962.3855,35.98,TRACKING,0.00,4.80,GREEN,GREEN,3,0.8330,1,94.92
1777993962.4170,20.78,TRACKING,0.00,7.46,GREEN,GREEN,3,0.8330,1,94.93
1777993962.4866,32.27,TRACKING,0.00,15.17,GREEN,GREEN,3,0.8998,1,94.94
1777993962.5272,24.35,TRACKING,0.00,6.90,GREEN,GREEN,3,0.3649,1,94.95
1777993962.5727,34.98,TRACKING,0.00,13.01,GREEN,GREEN,3,0.9271,1,94.96
1777993962.6068,16.43,TRACKING,0.00,4.83,GREEN,GREEN,3,0.6126,1,94.97
1777993962.6488,14.50,TRACKING,0.00,5.00,GREEN,GREEN,3,0.8216,1,94.98
1777993962.7350,24.13,TRACKING,0.00,11.45,GREEN,GREEN,3,0.8298,1,94.99
1777993962.7787,31.30,TRACKING,0.00,11.22,GREEN,GREEN,4,0.3736,1,95.00
1777993962.8083,23.97,TRACKING,0.00,9.20,GREEN,GREEN,3,0.9089,1,95.01
1777993962.8596,17.88,TRACKING,0.00,6.57,GREEN,GREEN,3,0.7962,1,95.02
1777993962.9051,18.39,TRACKING,0.00,6.08,GREEN,GREEN,3,0.8063,1,95.03
1777993962.9966,36.58,TRACKING,0.00,11.50,GREEN,GREEN,4,0.3834,1,95.04
1777993963.0323,30.24,TRACKING,0.00,16.40,GREEN,GREEN,4,0.3834,1,95.05
1777993963.0798,32.58,TRACKING,0.00,18.30,GREEN,GREEN,4,0.3568,1,95.06
1777993963.1142,19.97,TRACKING,0.00,9.31,GREEN,GREEN,4,0.3664,1,95.07
1777993963.1527,15.92,TRACKING,0.00,6.49,GREEN,GREEN,3,0.9270,1,95.08
1777993963.2565,59.84,TRACKING,0.00,16.36,GREEN,GREEN,3,0.8213,1,95.09
1777993963.3020,18.24,TRACKING,0.00,5.39,GREEN,GREEN,3,0.8640,1,95.10
1777993963.3853,38.08,TRACKING,0.00,15.63,GREEN,GREEN,3,0.7928,1,95.11
1777993963.4422,38.33,TRACKING,0.00,12.41,GREEN,GREEN,3,0.8127,1,95.12
1777993963.4777,26.47,TRACKING,0.00,11.86,GREEN,GREEN,3,0.7856,1,95.13
1777993963.5132,15.52,TRACKING,0.00,4.83,GREEN,GREEN,2,0.8295,1,95.14
1777993963.5678,15.71,TRACKING,0.00,5.95,GREEN,GREEN,3,0.8118,1,95.15
1777993963.6221,32.24,TRACKING,0.00,5.74,GREEN,GREEN,3,0.9015,1,95.16
1777993963.7356,67.81,TRACKING,0.00,31.06,GREEN,GREEN,3,0.8566,1,95.17
1777993963.8055,47.48,TRACKING,0.00,16.34,GREEN,GREEN,3,0.8410,1,95.18
1777993963.8568,25.11,TRACKING,0.00,5.04,GREEN,GREEN,2,0.8869,1,95.19
1777993963.8970,18.17,TRACKING,0.00,5.87,GREEN,GREEN,3,0.8701,1,95.20
1777993963.9484,24.87,TRACKING,0.00,8.93,GREEN,GREEN,2,0.8592,1,95.21
1777993963.9947,35.79,TRACKING,0.00,10.24,GREEN,GREEN,3,0.7703,1,95.22
1777993964.0312,28.99,TRACKING,0.00,8.06,GREEN,GREEN,3,0.8373,1,95.23
1777993964.0680,31.05,TRACKING,0.00,11.55,GREEN,GREEN,3,0.8198,1,95.24
1777993964.1085,16.89,TRACKING,0.00,4.12,GREEN,GREEN,3,0.8198,1,95.25
1777993964.1594,23.67,TRACKING,0.00,6.29,GREEN,GREEN,3,0.8454,1,95.26
1777993964.2437,57.33,TRACKING,0.00,26.54,GREEN,GREEN,3,0.8669,1,95.27
1777993964.2655,16.00,TRACKING,0.00,5.00,GREEN,GREEN,3,0.8669,1,95.28
1777993964.3141,21.58,TRACKING,0.00,6.32,GREEN,GREEN,3,0.8784,1,95.28
1777993964.3683,25.28,TRACKING,0.00,11.48,GREEN,GREEN,3,0.8563,1,95.29
1777993964.4135,22.96,TRACKING,0.00,9.67,GREEN,GREEN,3,0.7681,1,95.30
1777993964.4584,15.47,TRACKING,0.00,5.28,GREEN,GREEN,3,0.9210,1,95.31
1777993964.4996,15.26,TRACKING,0.00,4.97,GREEN,GREEN,3,0.8509,1,95.32
1777993964.5593,17.91,TRACKING,0.00,4.35,GREEN,GREEN,4,0.3435,1,95.33
1777993964.6177,24.15,TRACKING,0.00,10.06,GREEN,GREEN,4,0.3390,1,95.34
1777993964.6497,12.96,TRACKING,0.00,3.69,GREEN,GREEN,3,0.8843,1,95.35
1777993964.7040,14.37,TRACKING,0.00,4.68,GREEN,GREEN,4,0.3634,1,95.36
1777993964.7547,17.01,TRACKING,0.00,4.12,GREEN,GREEN,4,0.3620,1,95.37
1777993964.8037,18.56,TRACKING,0.00,7.51,GREEN,GREEN,3,0.3022,1,95.38
1777993964.8817,30.09,TRACKING,0.00,11.59,GREEN,GREEN,4,0.8727,1,95.38
1777993964.9141,24.92,TRACKING,0.00,8.01,GREEN,GREEN,3,0.8812,1,95.39
1777993964.9709,20.46,TRACKING,0.00,10.12,GREEN,GREEN,3,0.8557,1,95.40
1777993965.0161,24.00,TRACKING,0.00,7.00,GREEN,GREEN,3,0.8501,1,95.41
1777993965.0817,37.73,TRACKING,0.00,7.62,GREEN,GREEN,3,0.8805,1,95.42
1777993965.1116,17.19,TRACKING,0.00,3.97,GREEN,GREEN,3,0.3755,1,95.43
1777993965.1653,27.85,TRACKING,0.00,9.16,GREEN,GREEN,3,0.5280,1,95.44
1777993965.2388,46.54,TRACKING,0.00,25.90,GREEN,GREEN,3,0.8062,1,95.45
1777993965.2808,27.03,TRACKING,0.00,6.33,GREEN,GREEN,3,0.8723,1,95.45
1777993965.3198,20.86,TRACKING,0.00,10.99,GREEN,GREEN,4,0.3834,1,95.46
1777993965.3580,18.36,TRACKING,0.00,7.38,GREEN,GREEN,4,0.8773,1,95.47
1777993965.4128,19.91,TRACKING,0.00,6.08,GREEN,GREEN,3,0.8218,1,95.48
1777993965.4557,20.08,TRACKING,0.00,6.38,GREEN,GREEN,5,0.3199,1,95.49
1777993965.4999,14.22,TRACKING,0.00,4.14,GREEN,GREEN,3,0.9038,1,95.50
1777993965.5581,19.38,TRACKING,0.00,4.17,GREEN,GREEN,3,0.9052,1,95.51
1777993965.6481,56.24,TRACKING,0.00,33.90,GREEN,GREEN,4,0.8478,1,95.51
1777993965.6793,23.72,TRACKING,0.00,7.64,GREEN,GREEN,3,0.3163,1,95.52
1777993965.7298,30.70,TRACKING,0.00,13.99,GREEN,GREEN,5,0.3859,1,95.53
1777993965.7636,20.31,TRACKING,0.00,8.89,GREEN,GREEN,5,0.3629,1,95.54
1777993965.8233,27.43,TRACKING,0.00,9.61,GREEN,GREEN,3,0.8554,1,95.55
1777993965.8728,26.92,TRACKING,0.00,6.40,GREEN,GREEN,4,0.3582,1,95.56
1777993965.9253,32.62,TRACKING,0.00,13.60,GREEN,GREEN,4,0.3754,1,95.56
1777993965.9752,23.89,TRACKING,0.00,6.14,GREEN,GREEN,4,0.3737,1,95.57
1777993966.0060,16.47,TRACKING,0.00,6.10,GREEN,GREEN,3,0.9199,1,95.58
1777993966.1283,69.71,TRACKING,0.00,24.53,GREEN,GREEN,3,0.8848,1,95.59
1777993966.1926,43.45,TRACKING,0.00,27.58,GREEN,GREEN,3,0.8554,1,95.60
1777993966.2705,19.99,TRACKING,0.00,6.60,GREEN,GREEN,3,0.8175,1,95.60
1777993966.3039,15.05,TRACKING,0.00,5.19,GREEN,GREEN,3,0.8183,1,95.61
1777993966.3643,25.72,TRACKING,0.00,11.43,GREEN,GREEN,3,0.8741,1,95.62
1777993966.4112,26.57,TRACKING,0.00,8.59,GREEN,GREEN,3,0.7696,1,95.63
1777993966.5006,59.98,TRACKING,0.00,18.40,GREEN,GREEN,3,0.8322,1,95.64
1777993966.5369,23.01,TRACKING,0.00,7.68,GREEN,GREEN,3,0.8629,1,95.64
1777993966.6254,43.07,TRACKING,0.00,23.68,GREEN,GREEN,3,0.8403,1,95.65
1777993966.6715,36.31,TRACKING,0.00,7.38,GREEN,GREEN,3,0.8403,1,95.66
1777993966.7022,15.08,TRACKING,0.00,5.70,GREEN,GREEN,3,0.8191,1,95.67
1777993966.7599,19.90,TRACKING,0.00,6.29,GREEN,GREEN,3,0.8497,1,95.68
1777993966.8372,45.24,TRACKING,0.00,10.82,GREEN,GREEN,3,0.7565,1,95.68
1777993966.8738,25.99,TRACKING,0.00,6.48,GREEN,GREEN,3,0.7377,1,95.69
1777993966.9079,17.80,TRACKING,0.00,4.77,GREEN,GREEN,3,0.8556,1,95.70
1777993966.9850,38.11,TRACKING,0.00,20.47,GREEN,GREEN,3,0.8821,1,95.71
1777993967.0309,33.83,TRACKING,0.00,13.34,GREEN,GREEN,3,0.7113,1,95.71
1777993967.0901,29.58,TRACKING,0.00,9.21,GREEN,GREEN,4,0.8228,1,95.72
1777993967.1227,21.57,TRACKING,0.00,6.23,GREEN,GREEN,3,0.8924,1,95.73
1777993967.1674,22.70,TRACKING,0.00,9.32,GREEN,GREEN,3,0.8733,1,95.74
1777993967.2049,13.67,TRACKING,0.00,3.45,GREEN,GREEN,2,0.8162,1,95.74
1777993967.2569,17.34,TRACKING,0.00,6.65,GREEN,GREEN,4,0.3947,1,95.75
1777993967.3036,16.60,TRACKING,0.00,5.95,GREEN,GREEN,3,0.8721,1,95.76
1777993967.3702,34.17,TRACKING,0.00,18.10,GREEN,GREEN,4,0.3585,1,95.77
1777993967.4017,10.16,TRACKING,0.00,4.01,GREEN,GREEN,3,0.8818,1,95.77
1777993967.4496,13.82,TRACKING,0.00,2.92,GREEN,GREEN,3,0.8953,1,95.78
1777993967.5043,15.44,TRACKING,0.00,7.00,GREEN,GREEN,4,0.8566,1,95.79
1777993967.5610,18.59,TRACKING,0.00,4.12,GREEN,GREEN,3,0.8642,1,95.80
1777993967.6000,14.55,TRACKING,0.00,5.02,GREEN,GREEN,3,0.9198,1,95.80
1777993967.6697,31.58,TRACKING,0.00,12.67,GREEN,GREEN,3,0.8727,1,95.81
1777993967.7407,37.02,TRACKING,0.00,16.95,GREEN,GREEN,3,0.8868,1,95.82
1777993967.7858,34.27,TRACKING,0.00,8.22,GREEN,GREEN,3,0.8868,1,95.83
1777993967.8237,25.19,TRACKING,0.00,11.87,GREEN,GREEN,4,0.3947,1,95.83
1777993967.8629,22.33,TRACKING,0.00,5.36,GREEN,GREEN,3,0.8784,1,95.84
1777993967.9060,14.16,TRACKING,0.00,4.74,GREEN,GREEN,3,0.8713,1,95.85
1777993967.9476,13.63,TRACKING,0.00,4.16,GREEN,GREEN,3,0.9044,1,95.85
1777993968.0226,37.35,TRACKING,0.00,14.17,GREEN,GREEN,4,0.3941,1,95.86
1777993968.0565,15.58,TRACKING,0.00,4.97,GREEN,GREEN,3,0.9270,1,95.87
1777993968.1367,48.31,TRACKING,0.00,23.21,GREEN,GREEN,4,0.3921,1,95.88
1777993968.2036,50.65,TRACKING,0.00,15.18,GREEN,GREEN,4,0.3835,1,95.88
1777993968.2517,37.23,TRACKING,0.00,11.51,GREEN,GREEN,4,0.4106,1,95.89
1777993968.2977,27.04,TRACKING,0.00,12.19,GREEN,GREEN,4,0.3552,1,95.90
1777993968.3499,29.25,TRACKING,0.00,11.54,GREEN,GREEN,4,0.3563,1,95.90
1777993968.4064,25.86,TRACKING,0.00,7.91,GREEN,GREEN,3,0.9611,1,95.91
1777993968.4403,18.44,TRACKING,0.00,4.59,GREEN,GREEN,3,0.8758,1,95.92
1777993968.4798,22.04,TRACKING,0.00,6.29,GREEN,GREEN,3,0.4389,1,95.93
1777993968.5111,13.51,TRACKING,0.00,4.62,GREEN,GREEN,2,0.9434,1,95.93
1777993968.5489,14.63,TRACKING,0.00,3.27,GREEN,GREEN,2,0.9397,1,95.94
1777993968.6088,20.65,TRACKING,0.00,6.25,GREEN,GREEN,2,0.9513,1,95.95
1777993968.6756,31.54,TRACKING,0.00,14.00,GREEN,GREEN,2,0.9712,1,95.95
1777993968.7250,35.94,TRACKING,0.00,16.99,GREEN,GREEN,2,0.9335,1,95.96
1777993968.7584,11.49,TRACKING,0.00,2.76,GREEN,GREEN,2,0.9290,1,95.97
1777993968.7971,13.08,TRACKING,0.00,3.10,GREEN,GREEN,2,0.9193,1,95.97
1777993968.8483,14.07,TRACKING,0.00,2.89,GREEN,GREEN,2,0.9556,1,95.98
1777993968.9096,16.92,TRACKING,0.00,3.39,GREEN,GREEN,2,0.9583,1,95.99
1777993968.9552,16.40,TRACKING,0.00,4.92,GREEN,GREEN,2,0.9547,1,95.99
1777993969.0120,18.01,TRACKING,0.00,6.91,GREEN,GREEN,3,0.5025,1,96.00
1777993969.0517,16.12,TRACKING,0.00,5.54,GREEN,GREEN,2,0.9243,1,96.01
1777993969.1262,28.70,TRACKING,0.00,7.41,GREEN,GREEN,2,0.8956,1,96.01
1777993969.1775,38.49,TRACKING,0.00,17.80,GREEN,GREEN,2,0.7765,1,96.02
1777993969.2029,15.32,TRACKING,0.00,5.00,GREEN,GREEN,2,0.7620,1,96.03
1777993969.2479,14.02,TRACKING,0.00,3.88,GREEN,GREEN,2,0.8926,1,96.03
1777993969.3387,35.62,TRACKING,0.00,13.50,GREEN,GREEN,2,0.6565,1,96.04
1777993969.3653,21.06,TRACKING,0.00,9.10,GREEN,GREEN,2,0.7620,1,96.05
1777993969.4000,16.21,TRACKING,0.00,4.46,GREEN,GREEN,3,0.9166,1,96.05
1777993969.4611,14.86,TRACKING,0.00,5.13,GREEN,GREEN,3,0.8425,1,96.06
1777993969.5029,13.68,TRACKING,0.00,3.35,GREEN,GREEN,3,0.6808,1,96.07
1777993969.5503,12.74,TRACKING,0.00,5.23,GREEN,GREEN,3,0.9237,1,96.07
1777993969.6009,10.84,TRACKING,0.00,3.83,GREEN,GREEN,3,0.9004,1,96.08
1777993969.6564,15.33,TRACKING,0.00,5.64,GREEN,GREEN,3,0.9450,1,96.08
1777993969.7043,14.32,TRACKING,0.00,4.92,GREEN,GREEN,3,0.8884,1,96.09
1777993969.7553,15.38,TRACKING,0.00,4.00,GREEN,GREEN,3,0.8988,1,96.10
1777993969.8006,13.77,TRACKING,0.00,4.19,GREEN,GREEN,3,0.8980,1,96.10
1777993969.8561,17.92,TRACKING,0.00,6.58,GREEN,GREEN,3,0.8789,1,96.11
1777993969.9071,20.57,TRACKING,0.00,7.22,GREEN,GREEN,4,0.9225,1,96.12
1777993969.9927,49.99,TRACKING,0.00,12.34,GREEN,GREEN,3,0.8550,1,96.12
1777993970.0530,30.48,TRACKING,0.00,9.64,GREEN,GREEN,3,0.8685,1,96.13
1777993970.0951,22.05,TRACKING,0.00,6.11,GREEN,GREEN,3,0.8118,1,96.14
1777993970.1361,21.38,TRACKING,0.00,9.23,GREEN,GREEN,3,0.9228,1,96.14
1777993970.1820,25.74,TRACKING,0.00,6.69,GREEN,GREEN,3,0.9290,1,96.15
1777993970.2704,48.21,TRACKING,0.00,18.46,GREEN,GREEN,3,0.8924,1,96.15
1777993970.3373,45.27,TRACKING,0.00,20.76,GREEN,GREEN,3,0.8749,1,96.16
1777993970.3979,29.54,TRACKING,0.00,6.12,GREEN,GREEN,3,0.8519,1,96.17
1777993970.4786,45.49,TRACKING,0.00,18.03,GREEN,GREEN,3,0.8861,1,96.17
1777993970.5502,31.09,TRACKING,0.00,13.16,GREEN,GREEN,3,0.9335,1,96.18
1777993970.6285,29.30,TRACKING,0.00,10.51,GREEN,GREEN,3,0.8661,1,96.18
1777993970.7019,44.54,TRACKING,0.00,23.34,GREEN,GREEN,3,0.8962,1,96.19
1777993970.7449,22.72,TRACKING,0.00,6.68,GREEN,GREEN,3,0.4450,1,96.20
1777993970.7990,29.73,TRACKING,0.00,11.22,GREEN,GREEN,4,0.9275,1,96.20
1777993970.8905,48.26,TRACKING,0.00,22.52,GREEN,GREEN,3,0.8478,1,96.21
1777993970.9647,23.45,TRACKING,0.00,8.19,GREEN,GREEN,3,0.8759,1,96.21
1777993971.0042,15.90,TRACKING,0.00,5.90,GREEN,GREEN,3,0.8838,1,96.22
1777993971.0519,15.15,TRACKING,0.00,5.04,GREEN,GREEN,3,0.8779,1,96.23
1777993971.1444,32.94,TRACKING,0.00,8.18,GREEN,GREEN,3,0.8208,1,96.23
1777993971.1954,44.05,TRACKING,0.00,26.63,GREEN,GREEN,4,0.4031,1,96.24
1777993971.2245,13.66,TRACKING,0.00,5.24,GREEN,GREEN,3,0.8367,1,96.24
1777993971.2939,50.12,TRACKING,0.00,12.65,GREEN,GREEN,3,0.9099,1,96.25
1777993971.3252,22.84,TRACKING,0.00,8.63,GREEN,GREEN,3,0.8709,1,96.26
1777993971.3545,14.40,TRACKING,0.00,4.86,GREEN,GREEN,3,0.6420,1,96.26
1777993971.4059,20.78,TRACKING,0.00,6.80,GREEN,GREEN,3,0.9027,1,96.27
1777993971.4652,27.17,TRACKING,0.00,7.70,GREEN,GREEN,3,0.8848,1,96.27
1777993971.5068,17.08,TRACKING,0.00,7.48,GREEN,GREEN,3,0.9288,1,96.28
1777993971.5573,16.30,TRACKING,0.00,5.63,GREEN,GREEN,3,0.8943,1,96.28
1777993971.6049,15.89,TRACKING,0.00,6.26,GREEN,GREEN,3,0.9222,1,96.29
1777993971.6494,14.20,TRACKING,0.00,4.00,GREEN,GREEN,3,0.8478,1,96.30
1777993971.6942,8.26,TRACKING,0.00,1.39,UNKNOWN,GREEN,0,0.0000,0,96.45
1777993971.7561,15.43,TRACKING,0.00,1.53,UNKNOWN,GREEN,0,0.0000,0,96.60
1777993971.8449,48.06,TRACKING,0.00,19.32,UNKNOWN,UNKNOWN,0,0.0000,0,96.60
1777993971.8813,19.48,TRACKING,0.00,2.29,UNKNOWN,UNKNOWN,0,0.0000,0,96.60
1777993971.9309,26.54,DETECTION,0.00,11.30,UNKNOWN,UNKNOWN,0,0.0000,0,96.60
1777993972.0117,57.38,TRACKING,38.66,0.00,GREEN,UNKNOWN,3,0.8704,1,96.46
1777993972.1069,61.00,TRACKING,0.00,19.98,GREEN,UNKNOWN,3,0.8565,1,96.31
1777993972.2267,60.97,TRACKING,0.00,24.54,GREEN,GREEN,3,0.6160,1,96.31
1777993972.3062,41.16,TRACKING,0.00,15.95,GREEN,GREEN,3,0.7849,1,96.32
1777993972.3797,49.79,TRACKING,0.00,22.11,GREEN,GREEN,3,0.8271,1,96.32
1777993972.4321,29.78,TRACKING,0.00,8.77,GREEN,GREEN,3,0.8793,1,96.33
1777993972.5237,51.08,TRACKING,0.00,21.59,GREEN,GREEN,4,0.8243,1,96.34
1777993972.5993,52.51,TRACKING,0.00,28.28,GREEN,GREEN,4,0.8926,1,96.34
1777993972.6818,42.59,TRACKING,0.00,12.91,GREEN,GREEN,3,0.8725,1,96.35
1777993972.7395,26.74,TRACKING,0.00,8.14,GREEN,GREEN,3,0.8373,1,96.35
1777993972.7940,37.28,TRACKING,0.00,16.33,GREEN,GREEN,3,0.9068,1,96.36
1777993972.8408,31.07,TRACKING,0.00,8.17,GREEN,GREEN,3,0.9060,1,96.36
1777993972.8963,42.34,TRACKING,0.00,4.34,GREEN,GREEN,3,0.9370,1,96.37
1777993972.9428,32.33,TRACKING,0.00,11.00,GREEN,GREEN,3,0.9012,1,96.37
1777993973.0067,40.97,TRACKING,0.00,18.98,GREEN,GREEN,4,0.8673,1,96.38
1777993973.1009,49.90,TRACKING,0.00,15.03,GREEN,GREEN,3,0.9397,1,96.39
1777993973.1352,17.62,TRACKING,0.00,6.27,GREEN,GREEN,3,0.9086,1,96.39
1777993973.1715,20.19,TRACKING,0.00,7.10,GREEN,GREEN,3,0.9432,1,96.40
1777993973.2051,16.77,TRACKING,0.00,5.39,GREEN,GREEN,3,0.9195,1,96.40
1777993973.2588,17.21,TRACKING,0.00,4.81,GREEN,GREEN,3,0.8988,1,96.41
1777993973.3100,24.16,TRACKING,0.00,10.77,GREEN,GREEN,3,0.8149,1,96.41
1777993973.3555,16.33,TRACKING,0.00,5.63,GREEN,GREEN,3,0.8235,1,96.42
1777993973.4143,19.76,TRACKING,0.00,8.59,GREEN,GREEN,3,0.8255,1,96.42
1777993973.4530,16.16,TRACKING,0.00,6.01,GREEN,GREEN,3,0.8462,1,96.43
1777993973.5099,23.92,TRACKING,0.00,4.37,GREEN,GREEN,3,0.8802,1,96.43
1777993973.5562,15.05,TRACKING,0.00,5.53,GREEN,GREEN,3,0.8550,1,96.44
1777993973.6054,14.43,TRACKING,0.00,4.25,GREEN,GREEN,3,0.8653,1,96.44
1777993973.6768,39.62,TRACKING,0.00,15.58,GREEN,GREEN,3,0.7387,1,96.45
1777993973.7192,22.27,TRACKING,0.00,8.11,GREEN,GREEN,3,0.8820,1,96.45
1777993973.7543,18.05,TRACKING,0.00,5.14,GREEN,GREEN,3,0.8012,1,96.46
1777993973.8063,16.18,TRACKING,0.00,4.61,GREEN,GREEN,3,0.8864,1,96.47
1777993973.8723,24.36,TRACKING,0.00,5.77,GREEN,GREEN,3,0.7109,1,96.47
1777993973.9183,30.29,TRACKING,0.00,10.55,GREEN,GREEN,3,0.8125,1,96.48
1777993973.9554,16.29,TRACKING,0.00,5.81,GREEN,GREEN,3,0.7109,1,96.48
1777993974.0035,12.93,TRACKING,0.00,4.06,GREEN,GREEN,3,0.8403,1,96.49
1777993974.0515,15.13,TRACKING,0.00,5.18,GREEN,GREEN,3,0.9076,1,96.49
1777993974.1044,17.03,TRACKING,0.00,4.96,GREEN,GREEN,3,0.8916,1,96.50
1777993974.1587,18.26,TRACKING,0.00,5.34,GREEN,GREEN,3,0.8658,1,96.50
1777993974.1978,12.69,TRACKING,0.00,3.89,GREEN,GREEN,3,0.9095,1,96.51
1777993974.2692,29.68,TRACKING,0.00,7.32,GREEN,GREEN,3,0.8720,1,96.51
1777993974.3067,19.08,TRACKING,0.00,7.51,GREEN,GREEN,3,0.7752,1,96.52
1777993974.3702,20.71,TRACKING,0.00,7.18,GREEN,GREEN,3,0.8845,1,96.52
1777993974.4328,31.21,TRACKING,0.00,11.27,GREEN,GREEN,3,0.8837,1,96.53
1777993974.4904,39.76,TRACKING,0.00,21.18,GREEN,GREEN,3,0.7896,1,96.53
1777993974.5605,44.88,TRACKING,0.00,14.28,GREEN,GREEN,3,0.8773,1,96.54
1777993974.6107,35.29,TRACKING,0.00,12.76,GREEN,GREEN,3,0.8773,1,96.54
1777993974.7198,54.76,TRACKING,0.00,25.70,GREEN,GREEN,3,0.7610,1,96.55
1777993974.8001,52.23,TRACKING,0.00,22.46,GREEN,GREEN,3,0.9024,1,96.55
1777993974.8724,44.58,TRACKING,0.00,14.13,GREEN,GREEN,3,0.7795,1,96.56
1777993974.9581,46.69,TRACKING,0.00,20.72,GREEN,GREEN,3,0.9166,1,96.56
1777993975.0516,48.08,TRACKING,0.00,24.58,GREEN,GREEN,3,0.8628,1,96.57
1777993975.1701,48.92,TRACKING,0.00,18.49,GREEN,GREEN,3,0.8996,1,96.57
1777993975.2315,39.02,TRACKING,0.00,17.42,GREEN,GREEN,3,0.8146,1,96.58
1777993975.2786,27.83,TRACKING,0.00,13.56,GREEN,GREEN,3,0.8065,1,96.58
1777993975.3333,21.61,TRACKING,0.00,5.08,GREEN,GREEN,3,0.8680,1,96.59
1777993975.3762,22.78,TRACKING,0.00,8.82,GREEN,GREEN,3,0.7876,1,96.59
1777993975.4287,32.29,TRACKING,0.00,18.39,GREEN,GREEN,3,0.7936,1,96.60
1777993975.4550,14.75,TRACKING,0.00,4.72,GREEN,GREEN,3,0.7628,1,96.60
1777993975.5097,21.27,TRACKING,0.00,10.37,GREEN,GREEN,3,0.7876,1,96.61
1777993975.5547,16.54,TRACKING,0.00,6.21,GREEN,GREEN,3,0.8837,1,96.61
1777993975.6049,20.44,TRACKING,0.00,8.09,GREEN,GREEN,3,0.9104,1,96.61
1777993975.6699,29.56,TRACKING,0.00,11.04,GREEN,GREEN,3,0.9068,1,96.62
1777993975.7039,18.51,TRACKING,0.00,6.60,GREEN,GREEN,3,0.8765,1,96.62
1777993975.8000,61.77,TRACKING,0.00,24.59,GREEN,GREEN,3,0.8476,1,96.63
1777993975.8513,32.07,TRACKING,0.00,22.33,GREEN,GREEN,3,0.8314,1,96.63
1777993975.9226,33.66,TRACKING,0.00,14.87,GREEN,GREEN,3,0.8409,1,96.64
1777993975.9521,11.42,TRACKING,0.00,3.49,GREEN,GREEN,3,0.8321,1,96.64
1777993976.0251,26.30,TRACKING,0.00,14.03,GREEN,GREEN,3,0.8203,1,96.65
1777993976.0909,38.70,TRACKING,0.00,18.01,GREEN,GREEN,3,0.8365,1,96.65
1777993976.1433,35.96,TRACKING,0.00,22.37,GREEN,GREEN,3,0.8365,1,96.66
1777993976.1942,29.22,TRACKING,0.00,7.51,GREEN,GREEN,3,0.8299,1,96.66
1777993976.2240,18.96,TRACKING,0.00,9.19,GREEN,GREEN,3,0.8248,1,96.67
1777993976.2690,25.10,TRACKING,0.00,11.77,GREEN,GREEN,3,0.8971,1,96.67
1777993976.3215,34.47,TRACKING,0.00,12.30,GREEN,GREEN,3,0.8704,1,96.68
1777993976.4101,43.98,TRACKING,0.00,7.42,GREEN,GREEN,4,0.7737,1,96.68
1777993976.4639,15.80,TRACKING,0.00,4.43,GREEN,GREEN,3,0.5545,1,96.69
1777993976.5342,37.56,TRACKING,0.00,5.60,UNKNOWN,GREEN,2,0.0190,1,96.69
1777993976.5827,23.14,TRACKING,0.00,7.44,UNKNOWN,GREEN,0,0.0000,0,96.83
1777993976.6346,24.02,TRACKING,0.00,11.13,YELLOW,UNKNOWN,3,0.1096,1,96.69
1777993976.6892,25.28,TRACKING,0.00,9.33,YELLOW,UNKNOWN,4,0.1889,1,96.56
1777993976.7527,45.80,TRACKING,0.00,25.89,YELLOW,YELLOW,5,0.5028,1,96.57
1777993976.8088,37.50,TRACKING,0.00,13.88,YELLOW,YELLOW,5,0.5217,1,96.57
1777993976.8888,36.45,TRACKING,0.00,11.73,YELLOW,YELLOW,4,0.4677,1,96.58
1777993976.9526,36.22,TRACKING,0.00,22.01,YELLOW,YELLOW,3,0.4201,1,96.58
1777993977.0108,32.00,TRACKING,0.00,11.50,YELLOW,YELLOW,3,0.4690,1,96.58
1777993977.0662,29.98,TRACKING,0.00,14.35,YELLOW,YELLOW,3,0.2939,1,96.59
1777993977.1375,36.64,TRACKING,0.00,16.47,YELLOW,YELLOW,3,0.2981,1,96.59
1777993977.2414,57.40,TRACKING,0.00,15.57,YELLOW,YELLOW,3,0.3869,1,96.60
1777993977.3281,24.67,TRACKING,0.00,9.90,RED,YELLOW,3,0.2431,1,96.60
1777993977.3886,34.43,TRACKING,0.00,11.73,YELLOW,YELLOW,3,0.1753,1,96.61
1777993977.4665,41.58,TRACKING,0.00,9.42,RED,YELLOW,3,0.2145,1,96.61
1777993977.5412,40.78,TRACKING,0.00,16.75,RED,RED,3,0.1820,1,96.62
1777993977.6072,37.24,TRACKING,0.00,14.08,RED,RED,3,0.1627,1,96.62
1777993977.6533,26.82,TRACKING,0.00,8.95,YELLOW,RED,3,0.1459,1,96.63
1777993977.7111,45.76,TRACKING,0.00,15.74,RED,RED,3,0.2553,1,96.63
1777993977.7383,15.85,TRACKING,0.00,4.78,RED,RED,3,0.1306,1,96.64
1777993977.7764,21.11,TRACKING,0.00,8.87,RED,RED,3,0.2822,1,96.64
1777993977.8190,30.37,TRACKING,0.00,10.55,RED,RED,3,0.2255,1,96.64
1777993977.8577,16.85,TRACKING,0.00,4.96,YELLOW,RED,3,0.1561,1,96.65
1777993977.9284,24.65,TRACKING,0.00,9.66,YELLOW,RED,3,0.2949,1,96.65
1777993977.9582,15.00,TRACKING,0.00,4.26,YELLOW,YELLOW,3,0.3283,1,96.66
1777993978.0002,13.86,TRACKING,0.00,4.84,YELLOW,YELLOW,3,0.4179,1,96.66
1777993978.1097,44.32,TRACKING,0.00,10.27,YELLOW,YELLOW,3,0.4179,1,96.67
1777993978.1346,13.14,TRACKING,0.00,5.27,YELLOW,YELLOW,3,0.4459,1,96.67
1777993978.1688,14.91,TRACKING,0.00,4.81,YELLOW,YELLOW,3,0.5187,1,96.68
1777993978.2078,15.51,TRACKING,0.00,5.31,YELLOW,YELLOW,3,0.3272,1,96.68
1777993978.2570,19.50,TRACKING,0.00,7.12,YELLOW,YELLOW,3,0.4953,1,96.68
1777993978.3066,17.52,TRACKING,0.00,5.71,YELLOW,YELLOW,3,0.4578,1,96.69
1777993978.3577,17.94,TRACKING,0.00,7.99,YELLOW,YELLOW,3,0.4126,1,96.69
1777993978.4232,28.30,TRACKING,0.00,10.22,YELLOW,YELLOW,3,0.2416,1,96.70
1777993978.4573,12.92,TRACKING,0.00,3.81,YELLOW,YELLOW,3,0.4126,1,96.70
1777993978.5119,15.83,TRACKING,0.00,4.18,YELLOW,YELLOW,3,0.3144,1,96.71
1777993978.5505,15.10,TRACKING,0.00,4.68,YELLOW,YELLOW,3,0.4516,1,96.71
1777993978.6262,27.09,TRACKING,0.00,16.27,YELLOW,YELLOW,3,0.4894,1,96.71
1777993978.6705,33.52,TRACKING,0.00,14.63,YELLOW,YELLOW,3,0.6306,1,96.72
1777993978.7027,16.45,TRACKING,0.00,4.77,YELLOW,YELLOW,3,0.6415,1,96.72
1777993978.7569,18.96,TRACKING,0.00,5.23,YELLOW,YELLOW,3,0.5610,1,96.73
1777993978.8076,20.87,TRACKING,0.00,8.62,YELLOW,YELLOW,3,0.4330,1,96.73
1777993978.8580,22.35,TRACKING,0.00,6.09,YELLOW,YELLOW,3,0.5624,1,96.74
1777993978.9259,30.65,TRACKING,0.00,13.80,YELLOW,YELLOW,3,0.5076,1,96.74
1777993978.9793,30.30,TRACKING,0.00,15.30,YELLOW,YELLOW,3,0.5134,1,96.74
1777993979.0249,31.60,TRACKING,0.00,12.80,YELLOW,YELLOW,3,0.4676,1,96.75
1777993979.0666,20.73,TRACKING,0.00,11.73,YELLOW,YELLOW,3,0.2743,1,96.75
1777993979.1138,23.96,TRACKING,0.00,10.28,YELLOW,YELLOW,3,0.4383,1,96.76
1777993979.1743,25.19,TRACKING,0.00,9.70,YELLOW,YELLOW,3,0.2126,1,96.76
1777993979.2324,34.94,TRACKING,0.00,13.01,YELLOW,YELLOW,3,0.2560,1,96.77
1777993979.2909,39.51,TRACKING,0.00,29.45,YELLOW,YELLOW,3,0.2611,1,96.77
1777993979.3256,25.25,TRACKING,0.00,6.85,YELLOW,YELLOW,3,0.2611,1,96.77
1777993979.3882,42.24,TRACKING,0.00,18.60,YELLOW,YELLOW,3,0.3434,1,96.78
1777993979.4212,16.55,TRACKING,0.00,7.27,YELLOW,YELLOW,3,0.3576,1,96.78
1777993979.4657,19.20,TRACKING,0.00,8.14,YELLOW,YELLOW,3,0.2947,1,96.79
1777993979.5419,49.34,TRACKING,0.00,18.85,YELLOW,YELLOW,3,0.3576,1,96.79
1777993979.6249,55.34,TRACKING,0.00,19.07,YELLOW,YELLOW,3,0.2947,1,96.79
1777993979.6776,29.68,TRACKING,0.00,9.06,YELLOW,YELLOW,3,0.3070,1,96.80
1777993979.7214,20.82,TRACKING,0.00,9.89,YELLOW,YELLOW,3,0.4255,1,96.80
1777993979.7547,15.12,TRACKING,0.00,4.91,YELLOW,YELLOW,3,0.3625,1,96.81
1777993979.8533,44.46,TRACKING,0.00,17.73,YELLOW,YELLOW,3,0.2390,1,96.81
1777993979.9078,38.36,TRACKING,0.00,27.87,YELLOW,YELLOW,3,0.2203,1,96.82
1777993979.9468,20.16,TRACKING,0.00,4.88,YELLOW,YELLOW,3,0.5193,1,96.82
1777993979.9941,19.13,TRACKING,0.00,6.88,YELLOW,YELLOW,3,0.5998,1,96.82
1777993980.0207,16.97,TRACKING,0.00,5.37,YELLOW,YELLOW,3,0.5500,1,96.83
1777993980.0521,13.88,TRACKING,0.00,5.49,YELLOW,YELLOW,3,0.4982,1,96.83
1777993980.0961,12.18,TRACKING,0.00,5.90,YELLOW,YELLOW,3,0.2050,1,96.84
1777993980.1486,13.55,TRACKING,0.00,3.80,YELLOW,YELLOW,3,0.4286,1,96.84
1777993980.2101,20.57,TRACKING,0.00,6.25,YELLOW,YELLOW,3,0.6435,1,96.84
1777993980.2669,28.79,TRACKING,0.00,6.68,YELLOW,YELLOW,3,0.4825,1,96.85
1777993980.3186,30.61,TRACKING,0.00,15.08,YELLOW,YELLOW,3,0.5325,1,96.85
1777993980.3536,17.42,TRACKING,0.00,6.15,YELLOW,YELLOW,3,0.6127,1,96.86
1777993980.4336,22.32,TRACKING,0.00,9.15,YELLOW,YELLOW,3,0.5704,1,96.86
1777993980.4920,47.33,TRACKING,0.00,15.97,YELLOW,YELLOW,3,0.6806,1,96.86
1777993980.5387,22.31,TRACKING,0.00,9.57,YELLOW,YELLOW,3,0.5729,1,96.87
1777993980.5946,44.22,TRACKING,0.00,19.70,YELLOW,YELLOW,3,0.5244,1,96.87
1777993980.6341,27.22,TRACKING,0.00,13.04,YELLOW,YELLOW,3,0.5729,1,96.88
1777993980.6904,35.49,TRACKING,0.00,14.88,YELLOW,YELLOW,3,0.6024,1,96.88
1777993980.7378,22.67,TRACKING,0.00,6.78,YELLOW,YELLOW,3,0.3221,1,96.88
1777993980.7721,17.78,TRACKING,0.00,6.06,YELLOW,YELLOW,3,0.6971,1,96.89
1777993980.8183,22.87,TRACKING,0.00,9.73,YELLOW,YELLOW,3,0.6862,1,96.89
1777993980.8902,42.95,TRACKING,0.00,17.09,YELLOW,YELLOW,3,0.4582,1,96.89
1777993980.9668,41.74,TRACKING,0.00,11.43,YELLOW,YELLOW,3,0.5146,1,96.90
1777993981.0331,51.50,TRACKING,0.00,21.55,YELLOW,YELLOW,3,0.6406,1,96.90
1777993981.1040,44.05,TRACKING,0.00,22.42,YELLOW,YELLOW,3,0.6353,1,96.91
1777993981.1533,25.05,TRACKING,0.00,13.13,YELLOW,YELLOW,3,0.5215,1,96.91
1777993981.2065,24.44,TRACKING,0.00,5.09,YELLOW,YELLOW,3,0.6096,1,96.91
1777993981.2439,17.52,TRACKING,0.00,7.04,YELLOW,YELLOW,3,0.5266,1,96.92
1777993981.2919,42.45,TRACKING,0.00,15.88,YELLOW,YELLOW,3,0.5737,1,96.92
1777993981.3459,27.27,TRACKING,0.00,12.51,YELLOW,YELLOW,3,0.4948,1,96.92
1777993981.4077,22.84,TRACKING,0.00,7.97,YELLOW,YELLOW,3,0.5599,1,96.93
1777993981.4765,28.79,TRACKING,0.00,11.00,YELLOW,YELLOW,3,0.7289,1,96.93
1777993981.5076,20.44,TRACKING,0.00,5.50,YELLOW,YELLOW,3,0.4454,1,96.94
1777993981.5656,27.21,TRACKING,0.00,9.50,YELLOW,YELLOW,3,0.4145,1,96.94
1777993981.6089,23.89,TRACKING,0.00,7.10,YELLOW,YELLOW,3,0.5785,1,96.94
1777993981.6784,31.12,TRACKING,0.00,10.32,YELLOW,YELLOW,3,0.6733,1,96.95
1777993981.7028,19.27,TRACKING,0.00,4.91,YELLOW,YELLOW,3,0.6645,1,96.95
1777993981.7639,25.02,TRACKING,0.00,7.04,YELLOW,YELLOW,3,0.6749,1,96.95
1777993981.8166,22.32,TRACKING,0.00,4.33,YELLOW,YELLOW,3,0.7400,1,96.96
1777993981.8796,39.66,TRACKING,0.00,16.08,YELLOW,YELLOW,3,0.6789,1,96.96
1777993981.9207,23.44,TRACKING,0.00,4.59,YELLOW,YELLOW,3,0.6789,1,96.97
1777993981.9811,33.61,TRACKING,0.00,15.31,YELLOW,YELLOW,3,0.6382,1,96.97
1777993982.0222,18.40,TRACKING,0.00,5.39,YELLOW,YELLOW,3,0.5737,1,96.97
1777993982.0525,17.49,TRACKING,0.00,7.29,YELLOW,YELLOW,3,0.5618,1,96.98
1777993982.1047,18.11,TRACKING,0.00,6.02,YELLOW,YELLOW,3,0.4872,1,96.98
1777993982.1603,22.74,TRACKING,0.00,8.57,YELLOW,YELLOW,3,0.5004,1,96.98
1777993982.2057,17.08,TRACKING,0.00,3.98,YELLOW,YELLOW,3,0.5466,1,96.99
1777993982.2575,13.73,TRACKING,0.00,4.54,YELLOW,YELLOW,3,0.5194,1,96.99
1777993982.3114,20.79,TRACKING,0.00,6.44,YELLOW,YELLOW,3,0.4525,1,97.00
1777993982.3453,11.91,TRACKING,0.00,4.54,YELLOW,YELLOW,3,0.6202,1,97.00
1777993982.4048,19.26,TRACKING,0.00,5.99,YELLOW,YELLOW,3,0.5418,1,97.00
1777993982.4598,20.44,TRACKING,0.00,7.05,YELLOW,YELLOW,3,0.6531,1,97.01
1777993982.5039,18.52,TRACKING,0.00,3.72,YELLOW,YELLOW,3,0.6040,1,97.01
1777993982.5550,18.55,TRACKING,0.00,5.74,YELLOW,YELLOW,3,0.5777,1,97.01
1777993982.6031,18.32,TRACKING,0.00,5.19,YELLOW,YELLOW,3,0.7577,1,97.02
1777993982.6610,13.40,TRACKING,0.00,3.98,YELLOW,YELLOW,3,0.6610,1,97.02
1777993982.7037,15.92,TRACKING,0.00,4.35,YELLOW,YELLOW,3,0.6610,1,97.02
1777993982.7603,18.87,TRACKING,0.00,6.91,YELLOW,YELLOW,3,0.6610,1,97.03
1777993982.8223,21.31,TRACKING,0.00,11.12,YELLOW,YELLOW,3,0.5923,1,97.03
1777993982.8682,21.14,TRACKING,0.00,7.60,YELLOW,YELLOW,3,0.6661,1,97.03
1777993982.9082,16.05,TRACKING,0.00,4.08,YELLOW,YELLOW,3,0.5696,1,97.04
1777993982.9699,24.58,TRACKING,0.00,10.39,YELLOW,YELLOW,3,0.6360,1,97.04
1777993983.0190,27.65,TRACKING,0.00,4.99,YELLOW,YELLOW,3,0.6295,1,97.04
1777993983.0711,23.72,TRACKING,0.00,6.17,YELLOW,YELLOW,3,0.7076,1,97.05
1777993983.1154,30.89,TRACKING,0.00,10.51,YELLOW,YELLOW,3,0.8034,1,97.05
1777993983.1590,21.61,TRACKING,0.00,9.92,YELLOW,YELLOW,3,0.7560,1,97.06
1777993983.2073,20.95,TRACKING,0.00,10.90,YELLOW,YELLOW,3,0.7696,1,97.06
1777993983.2919,42.57,TRACKING,0.00,7.92,YELLOW,YELLOW,3,0.4119,1,97.06
1777993983.3657,56.61,TRACKING,0.00,27.05,YELLOW,YELLOW,3,0.6351,1,97.07
1777993983.4057,22.72,TRACKING,0.00,8.71,YELLOW,YELLOW,3,0.6980,1,97.07
1777993983.4501,25.88,TRACKING,0.00,6.41,YELLOW,YELLOW,3,0.6351,1,97.07
1777993983.4903,25.96,TRACKING,0.00,12.76,YELLOW,YELLOW,4,0.5883,1,97.08
1777993983.5196,17.34,TRACKING,0.00,5.23,YELLOW,YELLOW,3,0.5865,1,97.08
1777993983.5756,32.04,TRACKING,0.00,19.04,YELLOW,YELLOW,3,0.4889,1,97.08
1777993983.6361,35.58,TRACKING,0.00,11.66,YELLOW,YELLOW,3,0.4765,1,97.09
1777993983.6759,29.45,TRACKING,0.00,9.69,YELLOW,YELLOW,3,0.4303,1,97.09
1777993983.7236,24.04,TRACKING,0.00,7.71,RED,YELLOW,3,0.3070,1,97.09
1777993983.7921,55.30,TRACKING,0.00,29.17,RED,YELLOW,4,0.5530,1,97.10
1777993983.8325,28.42,TRACKING,0.00,11.72,RED,RED,3,0.5361,1,97.10
1777993983.8681,24.74,TRACKING,0.00,12.30,RED,RED,4,0.5418,1,97.10
1777993983.9163,25.63,TRACKING,0.00,10.81,RED,RED,3,1.0000,1,97.11
1777993983.9610,20.29,TRACKING,0.00,8.19,RED,RED,4,0.4293,1,97.11
1777993984.0225,28.26,TRACKING,0.00,11.99,RED,RED,5,0.3717,1,97.11
1777993984.0702,23.26,TRACKING,0.00,11.87,RED,RED,4,0.7061,1,97.12
1777993984.1191,28.33,TRACKING,0.00,11.55,RED,RED,5,0.5701,1,97.12
1777993984.1576,16.45,TRACKING,0.00,4.54,RED,RED,5,0.5751,1,97.12
1777993984.2220,25.35,TRACKING,0.00,10.18,RED,RED,3,0.7805,1,97.13
1777993984.2608,23.45,TRACKING,0.00,6.64,RED,RED,4,0.7777,1,97.13
1777993984.3223,24.98,TRACKING,0.00,11.91,RED,RED,4,0.5007,1,97.13
1777993984.3558,16.85,TRACKING,0.00,5.43,RED,RED,3,0.8159,1,97.14
1777993984.4243,30.92,TRACKING,0.00,10.88,RED,RED,4,0.7880,1,97.14
1777993984.4990,47.57,TRACKING,0.00,30.17,RED,RED,4,0.4419,1,97.14
1777993984.5466,30.04,TRACKING,0.00,19.85,RED,RED,3,0.7865,1,97.15
1777993984.6095,36.52,TRACKING,0.00,10.24,RED,RED,4,0.6601,1,97.15
1777993984.6564,21.96,TRACKING,0.00,6.25,RED,RED,4,0.4138,1,97.15
1777993984.7292,48.03,TRACKING,0.00,14.12,RED,RED,3,0.6541,1,97.16
1777993984.7733,23.75,TRACKING,0.00,6.95,RED,RED,3,0.7418,1,97.16
1777993984.8340,38.38,TRACKING,0.00,12.52,RED,RED,4,0.7732,1,97.16
1777993984.8753,23.55,TRACKING,0.00,9.76,RED,RED,3,0.8112,1,97.17
1777993984.9135,24.02,TRACKING,0.00,10.82,RED,RED,4,0.8295,1,97.17
1777993984.9761,23.19,TRACKING,0.00,8.32,RED,RED,4,0.7673,1,97.17
1777993985.0243,28.07,TRACKING,0.00,12.03,RED,RED,4,0.7149,1,97.18
1777993985.0615,18.10,TRACKING,0.00,6.81,RED,RED,4,0.8421,1,97.18
1777993985.1062,21.86,TRACKING,0.00,8.19,RED,RED,3,0.7301,1,97.18
1777993985.1543,19.74,TRACKING,0.00,6.73,RED,RED,4,0.7411,1,97.18
1777993985.2359,34.89,TRACKING,0.00,13.81,RED,RED,3,0.7243,1,97.19
1777993985.3060,40.27,TRACKING,0.00,22.54,RED,RED,4,0.7265,1,97.19
1777993985.3483,19.18,TRACKING,0.00,3.96,RED,RED,3,0.7228,1,97.19
1777993985.3977,24.30,TRACKING,0.00,11.08,RED,RED,5,0.4496,1,97.20
1777993985.4355,25.15,TRACKING,0.00,9.97,RED,RED,4,0.4423,1,97.20
1777993985.4809,27.45,TRACKING,0.00,6.43,RED,RED,4,0.7425,1,97.20
1777993985.5194,17.75,TRACKING,0.00,10.02,RED,RED,4,0.4111,1,97.21
1777993985.5741,21.99,TRACKING,0.00,9.51,RED,RED,4,0.7272,1,97.21
1777993985.6307,29.89,TRACKING,0.00,8.12,RED,RED,3,0.8151,1,97.21
1777993985.6705,21.36,TRACKING,0.00,10.14,RED,RED,3,0.7250,1,97.22
1777993985.7296,20.06,TRACKING,0.00,6.02,RED,RED,3,0.7928,1,97.22
1777993985.7678,22.80,TRACKING,0.00,12.40,RED,RED,4,0.6607,1,97.22
1777993985.8335,31.53,TRACKING,0.00,13.07,RED,RED,4,0.7984,1,97.23
1777993985.9050,49.98,TRACKING,0.00,25.39,RED,RED,4,0.4488,1,97.23
1777993985.9591,36.28,TRACKING,0.00,5.49,RED,RED,3,0.7454,1,97.23
1777993986.0445,55.60,TRACKING,0.00,24.45,RED,RED,4,0.8064,1,97.23
1777993986.1110,42.54,TRACKING,0.00,15.55,RED,RED,5,0.4455,1,97.24
1777993986.1470,17.07,TRACKING,0.00,6.05,RED,RED,5,0.4792,1,97.24
1777993986.1774,19.64,TRACKING,0.00,7.36,RED,RED,5,0.4463,1,97.24
1777993986.2118,21.90,TRACKING,0.00,7.83,RED,RED,4,0.7753,1,97.25
1777993986.2512,16.16,TRACKING,0.00,6.21,RED,RED,4,0.7188,1,97.25
1777993986.3209,28.59,TRACKING,0.00,11.68,RED,RED,5,0.4476,1,97.25
1777993986.3752,31.09,TRACKING,0.00,14.67,RED,RED,4,0.7904,1,97.26
1777993986.4320,40.36,TRACKING,0.00,12.88,RED,RED,5,0.4488,1,97.26
1777993986.4939,45.41,TRACKING,0.00,24.72,RED,RED,4,0.4488,1,97.26
1777993986.5415,32.05,TRACKING,0.00,15.61,RED,RED,4,0.7984,1,97.26
1777993986.5883,36.86,TRACKING,0.00,6.99,RED,RED,4,0.4472,1,97.27
1777993986.6261,25.11,TRACKING,0.00,12.60,RED,RED,4,0.7418,1,97.27
1777993986.6782,33.95,TRACKING,0.00,14.88,RED,RED,4,0.7257,1,97.27
1777993986.7738,42.16,TRACKING,0.00,17.62,RED,RED,3,0.7960,1,97.28
1777993986.8091,22.12,TRACKING,0.00,10.26,RED,RED,3,0.7960,1,97.28
1777993986.8569,28.35,TRACKING,0.00,19.20,RED,RED,4,0.8722,1,97.28
1777993986.9067,36.77,TRACKING,0.00,12.34,RED,RED,4,0.7702,1,97.29
1777993986.9317,17.47,TRACKING,0.00,5.50,RED,RED,3,0.8311,1,97.29
1777993986.9727,29.38,TRACKING,0.00,12.84,RED,RED,3,0.7440,1,97.29
1777993987.0317,27.42,TRACKING,0.00,11.62,RED,RED,4,0.7790,1,97.29
1777993987.0730,23.71,TRACKING,0.00,5.42,RED,RED,3,0.7809,1,97.30
1777993987.1196,25.16,TRACKING,0.00,10.29,RED,RED,4,0.7287,1,97.30
1777993987.1652,22.64,TRACKING,0.00,10.65,RED,RED,5,0.5087,1,97.30
1777993987.2031,16.23,TRACKING,0.00,7.06,RED,RED,4,0.8000,1,97.31
1777993987.2561,18.03,TRACKING,0.00,5.72,RED,RED,4,0.7433,1,97.31
1777993987.3150,21.76,TRACKING,0.00,7.40,RED,RED,4,0.7265,1,97.31
1777993987.3765,35.89,TRACKING,0.00,15.91,RED,RED,4,0.7265,1,97.31
1777993987.4337,35.60,TRACKING,0.00,14.39,RED,RED,4,0.7265,1,97.32
1777993987.4949,41.23,TRACKING,0.00,13.20,RED,RED,3,0.8191,1,97.32
1777993987.5486,33.28,TRACKING,0.00,13.26,RED,RED,4,0.7265,1,97.32
1777993987.5740,12.41,TRACKING,0.00,3.83,RED,RED,4,0.7201,1,97.33
1777993987.6189,31.54,TRACKING,0.00,8.63,RED,RED,3,0.8088,1,97.33
1777993987.6595,20.07,TRACKING,0.00,7.33,RED,RED,3,0.7960,1,97.33
1777993987.7099,17.87,TRACKING,0.00,7.34,RED,RED,3,0.7323,1,97.33
1777993987.7598,19.65,TRACKING,0.00,6.25,RED,RED,4,0.7505,1,97.34
1777993987.8033,18.58,TRACKING,0.00,7.10,RED,RED,4,0.7535,1,97.34
1777993987.8607,22.67,TRACKING,0.00,7.18,RED,RED,3,0.8271,1,97.34
1777993987.9027,16.67,TRACKING,0.00,6.29,RED,RED,4,0.7880,1,97.35
1777993987.9558,20.06,TRACKING,0.00,10.33,RED,RED,5,0.5252,1,97.35
1777993988.0162,27.86,TRACKING,0.00,8.16,RED,RED,3,0.7651,1,97.35
1777993988.0830,39.65,TRACKING,0.00,16.06,RED,RED,4,0.6760,1,97.35
1777993988.1143,19.54,TRACKING,0.00,6.52,RED,RED,3,0.7984,1,97.36
1777993988.1708,29.56,TRACKING,0.00,14.05,RED,RED,3,0.7571,1,97.36
1777993988.2287,31.76,TRACKING,0.00,8.50,RED,RED,4,0.6717,1,97.36
1777993988.2530,15.99,TRACKING,0.00,5.50,RED,RED,4,0.7968,1,97.37
1777993988.3133,19.17,TRACKING,0.00,5.10,RED,RED,5,0.4533,1,97.37
1777993988.3620,19.52,TRACKING,0.00,6.10,RED,RED,4,0.8104,1,97.37
1777993988.4207,33.09,TRACKING,0.00,13.76,RED,RED,4,0.7819,1,97.37
1777993988.4855,28.52,TRACKING,0.00,9.48,RED,RED,4,0.8056,1,97.38
1777993988.5388,40.99,TRACKING,0.00,13.98,RED,RED,4,0.8056,1,97.38
1777993988.6128,45.65,TRACKING,0.00,12.34,RED,RED,4,0.8263,1,97.38
1777993988.6527,25.77,TRACKING,0.00,8.39,RED,RED,4,0.7834,1,97.38
1777993988.6876,19.32,TRACKING,0.00,6.60,RED,RED,3,0.8231,1,97.39
1777993988.7227,19.97,TRACKING,0.00,7.47,RED,RED,4,0.5533,1,97.39
1777993988.7549,19.69,TRACKING,0.00,8.76,RED,RED,5,0.4241,1,97.39
1777993988.8292,39.03,TRACKING,0.00,14.93,RED,RED,4,0.8295,1,97.40
1777993988.9463,66.71,TRACKING,0.00,32.86,RED,RED,4,0.4849,1,97.40
1777993989.0658,81.48,TRACKING,0.00,45.06,RED,RED,4,0.8112,1,97.40
1777993989.1277,25.04,TRACKING,0.00,10.08,RED,RED,3,0.7366,1,97.40
1777993989.2079,59.07,TRACKING,0.00,26.47,RED,RED,4,0.4561,1,97.41
1777993989.3198,50.08,TRACKING,0.00,17.88,RED,RED,3,0.7659,1,97.41
1777993989.4225,66.39,TRACKING,0.00,49.05,RED,RED,4,0.6805,1,97.41
1777993989.4859,35.60,TRACKING,0.00,16.95,RED,RED,4,0.8223,1,97.41
1777993989.5488,39.35,TRACKING,0.00,15.73,RED,RED,3,0.7992,1,97.42
1777993989.6149,37.91,TRACKING,0.00,15.31,RED,RED,3,0.7644,1,97.42
1777993989.6780,38.80,TRACKING,0.00,18.83,RED,RED,4,0.6825,1,97.42
1777993989.7128,18.83,TRACKING,0.00,6.68,RED,RED,4,0.8120,1,97.43
1777993989.7523,16.49,TRACKING,0.00,5.92,RED,RED,4,0.6739,1,97.43
1777993989.8100,18.22,TRACKING,0.00,7.49,RED,RED,4,0.8104,1,97.43
1777993989.8658,24.04,TRACKING,0.00,8.53,RED,RED,3,0.7984,1,97.43
1777993989.9038,16.81,TRACKING,0.00,9.86,RED,RED,3,0.7637,1,97.44
1777993989.9549,19.68,TRACKING,0.00,5.09,RED,RED,4,0.7856,1,97.44
1777993990.0001,14.28,TRACKING,0.00,4.45,RED,RED,3,0.8080,1,97.44
1777993990.0685,21.72,TRACKING,0.00,10.99,RED,RED,4,0.6651,1,97.44
1777993990.1112,24.37,TRACKING,0.00,13.25,RED,RED,5,0.5205,1,97.45
1777993990.1669,29.28,TRACKING,0.00,16.46,RED,RED,3,0.6711,1,97.45
1777993990.2234,31.66,TRACKING,0.00,11.00,RED,RED,4,0.7790,1,97.45
1777993990.2742,24.32,TRACKING,0.00,11.46,RED,RED,4,0.6711,1,97.45
1777993990.3144,23.17,TRACKING,0.00,11.96,RED,RED,5,0.4889,1,97.46
1777993990.3655,29.65,TRACKING,0.00,8.71,RED,RED,3,0.8000,1,97.46
1777993990.4029,18.56,TRACKING,0.00,5.70,RED,RED,5,0.4565,1,97.46
1777993990.4787,29.40,TRACKING,0.00,13.87,RED,RED,4,0.8239,1,97.46
1777993990.5668,56.60,TRACKING,0.00,11.35,RED,RED,4,0.6838,1,97.47
1777993990.6328,27.50,TRACKING,0.00,9.36,RED,RED,4,0.8159,1,97.47
1777993990.6789,30.45,TRACKING,0.00,18.43,RED,RED,5,0.4655,1,97.47
1777993990.7270,36.19,TRACKING,0.00,21.89,RED,RED,3,0.8231,1,97.47
1777993990.7649,24.72,TRACKING,0.00,12.18,RED,RED,5,0.7994,1,97.48
1777993990.8023,15.16,TRACKING,0.00,5.65,RED,RED,3,0.7826,1,97.48
1777993990.8778,32.98,TRACKING,0.00,19.83,RED,RED,4,0.8502,1,97.48
1777993990.9095,17.03,TRACKING,0.00,5.06,RED,RED,3,0.8526,1,97.48
1777993990.9647,21.97,TRACKING,0.00,6.82,RED,RED,3,0.8414,1,97.49
1777993991.0057,16.78,TRACKING,0.00,5.15,RED,RED,3,0.8016,1,97.49
1777993991.0557,19.01,TRACKING,0.00,6.33,RED,RED,3,0.8249,1,97.49
1777993991.1094,19.65,TRACKING,0.00,5.50,RED,RED,5,0.5602,1,97.49
1777993991.1487,14.32,TRACKING,0.00,4.09,RED,RED,3,0.8264,1,97.50
1777993991.2188,26.29,TRACKING,0.00,8.32,RED,RED,3,0.8813,1,97.50
1777993991.2521,15.43,TRACKING,0.00,5.16,RED,RED,3,0.8550,1,97.50
1777993991.3193,28.98,TRACKING,0.00,12.02,RED,RED,3,0.7934,1,97.50
1777993991.3701,25.06,TRACKING,0.00,11.92,RED,RED,3,0.8235,1,97.51
1777993991.4169,28.51,TRACKING,0.00,6.27,RED,RED,3,0.9458,1,97.51
1777993991.4630,24.03,TRACKING,0.00,8.00,RED,RED,3,0.9096,1,97.51
1777993991.5169,28.80,TRACKING,0.00,8.96,RED,RED,3,0.9386,1,97.51
1777993991.5612,20.59,TRACKING,0.00,4.37,RED,RED,2,0.7586,1,97.52
1777993991.6272,26.86,TRACKING,0.00,2.79,UNKNOWN,RED,0,0.0000,0,97.62
1777993991.6604,17.33,TRACKING,0.00,1.81,UNKNOWN,RED,0,0.0000,0,97.72
1777993991.7401,36.66,TRACKING,0.00,1.63,UNKNOWN,UNKNOWN,0,0.0000,0,97.72
1777993991.7809,24.90,TRACKING,0.00,7.53,UNKNOWN,UNKNOWN,0,0.0000,0,97.72
1777993991.8326,28.94,DETECTION,0.00,10.65,UNKNOWN,UNKNOWN,0,0.0000,0,97.72
1777993991.8790,33.89,DETECTION,23.95,0.00,UNKNOWN,UNKNOWN,0,0.0000,0,97.72
1777993991.9522,61.31,DETECTION,40.55,0.00,UNKNOWN,UNKNOWN,0,0.0000,0,97.72
1777993992.0376,56.47,DETECTION,39.68,0.00,UNKNOWN,UNKNOWN,0,0.0000,0,97.72
1777993992.1279,48.95,DETECTION,29.73,0.00,UNKNOWN,UNKNOWN,0,0.0000,0,97.72
1777993992.1840,34.04,DETECTION,19.77,0.00,UNKNOWN,UNKNOWN,0,0.0000,0,97.72
1777993992.2356,34.66,DETECTION,22.62,0.00,UNKNOWN,UNKNOWN,0,0.0000,0,97.72
1777993992.2852,36.16,DETECTION,25.14,0.00,UNKNOWN,UNKNOWN,0,0.0000,0,97.72
1777993992.3329,31.96,DETECTION,21.48,0.00,UNKNOWN,UNKNOWN,0,0.0000,0,97.72
1777993992.3850,38.97,DETECTION,28.08,0.00,UNKNOWN,UNKNOWN,0,0.0000,0,97.72
1777993992.4323,33.17,DETECTION,19.02,0.00,UNKNOWN,UNKNOWN,0,0.0000,0,97.72
1777993992.4877,41.76,DETECTION,22.77,0.00,UNKNOWN,UNKNOWN,0,0.0000,0,97.72
1777993992.5373,38.16,DETECTION,26.21,0.00,UNKNOWN,UNKNOWN,0,0.0000,0,97.72
1777993992.5781,32.93,DETECTION,21.97,0.00,UNKNOWN,UNKNOWN,0,0.0000,0,97.72
1777993992.6387,42.39,DETECTION,30.02,0.00,UNKNOWN,UNKNOWN,0,0.0000,0,97.72
1777993992.7135,41.20,DETECTION,29.40,0.00,UNKNOWN,UNKNOWN,0,0.0000,0,97.72
1777993992.7774,41.83,DETECTION,24.08,0.00,UNKNOWN,UNKNOWN,0,0.0000,0,97.72
1777993992.8491,48.81,DETECTION,30.94,0.00,UNKNOWN,UNKNOWN,0,0.0000,0,97.72
1777993992.9214,44.90,DETECTION,33.05,0.00,UNKNOWN,UNKNOWN,0,0.0000,0,97.72
1777993992.9849,51.25,DETECTION,31.62,0.00,UNKNOWN,UNKNOWN,0,0.0000,0,97.72
1777993993.0356,35.63,DETECTION,28.44,0.00,UNKNOWN,UNKNOWN,0,0.0000,0,97.72
1777993993.0939,34.24,DETECTION,21.86,0.00,UNKNOWN,UNKNOWN,0,0.0000,0,97.72
1777993993.1703,42.50,DETECTION,28.50,0.00,UNKNOWN,UNKNOWN,0,0.0000,0,97.72
1777993993.2654,54.56,DETECTION,41.17,0.00,UNKNOWN,UNKNOWN,0,0.0000,0,97.72
1777993993.3360,43.24,DETECTION,33.98,0.00,UNKNOWN,UNKNOWN,0,0.0000,0,97.72
1777993993.4484,90.20,DETECTION,69.80,0.00,UNKNOWN,UNKNOWN,0,0.0000,0,97.72
1777993993.5492,87.99,DETECTION,58.18,0.00,UNKNOWN,UNKNOWN,0,0.0000,0,97.72
1777993993.6562,54.49,DETECTION,29.13,0.00,UNKNOWN,UNKNOWN,0,0.0000,0,97.72
1777993993.7451,57.91,DETECTION,30.60,0.00,UNKNOWN,UNKNOWN,0,0.0000,0,97.72
1777993993.7944,32.77,DETECTION,22.46,0.00,UNKNOWN,UNKNOWN,0,0.0000,0,97.72
1777993993.8467,38.03,DETECTION,26.07,0.00,UNKNOWN,UNKNOWN,0,0.0000,0,97.72
1777993993.8893,24.92,DETECTION,15.35,0.00,UNKNOWN,UNKNOWN,0,0.0000,0,97.72
1777993993.9751,71.94,DETECTION,48.17,0.00,UNKNOWN,UNKNOWN,0,0.0000,0,97.72
1777993994.0380,39.03,DETECTION,27.57,0.00,UNKNOWN,UNKNOWN,0,0.0000,0,97.72
1777993994.0987,50.57,DETECTION,36.56,0.00,UNKNOWN,UNKNOWN,0,0.0000,0,97.72
1777993994.2350,101.78,DETECTION,53.75,0.00,UNKNOWN,UNKNOWN,0,0.0000,0,97.72
1777993994.3183,47.53,DETECTION,27.63,0.00,UNKNOWN,UNKNOWN,0,0.0000,0,97.72
1777993994.4287,46.81,DETECTION,24.59,0.00,UNKNOWN,UNKNOWN,0,0.0000,0,97.72
1777993994.5109,46.58,DETECTION,20.86,0.00,UNKNOWN,UNKNOWN,0,0.0000,0,97.72
1777993994.6008,60.74,DETECTION,42.76,0.00,UNKNOWN,UNKNOWN,0,0.0000,0,97.72
1777993994.7141,62.35,DETECTION,24.29,0.00,UNKNOWN,UNKNOWN,0,0.0000,0,97.72
1777993994.7758,36.53,DETECTION,23.95,0.00,UNKNOWN,UNKNOWN,0,0.0000,0,97.72
1777993994.8337,42.84,DETECTION,28.68,0.00,UNKNOWN,UNKNOWN,0,0.0000,0,97.72
1777993994.8819,31.31,DETECTION,19.41,0.00,UNKNOWN,UNKNOWN,0,0.0000,0,97.72
1777993994.9273,38.93,DETECTION,26.44,0.00,UNKNOWN,UNKNOWN,0,0.0000,0,97.72
1777993994.9749,30.87,DETECTION,17.51,0.00,UNKNOWN,UNKNOWN,0,0.0000,0,97.72
1777993995.0461,59.55,DETECTION,41.51,0.00,UNKNOWN,UNKNOWN,0,0.0000,0,97.72
1777993995.1098,55.27,DETECTION,46.13,0.00,UNKNOWN,UNKNOWN,0,0.0000,0,97.72
1777993995.1513,33.61,DETECTION,15.79,0.00,UNKNOWN,UNKNOWN,0,0.0000,0,97.72
1777993995.2349,69.35,DETECTION,56.11,0.00,UNKNOWN,UNKNOWN,0,0.0000,0,97.72
1777993995.2983,50.33,DETECTION,30.22,0.00,UNKNOWN,UNKNOWN,0,0.0000,0,97.72
1777993995.3916,51.34,DETECTION,23.72,0.00,UNKNOWN,UNKNOWN,0,0.0000,0,97.72
1777993995.4791,45.53,DETECTION,27.57,0.00,UNKNOWN,UNKNOWN,0,0.0000,0,97.72
1777993995.5249,30.08,DETECTION,19.96,0.00,UNKNOWN,UNKNOWN,0,0.0000,0,97.72
1777993995.5979,47.27,DETECTION,38.11,0.00,UNKNOWN,UNKNOWN,0,0.0000,0,97.72
1777993995.6454,26.36,DETECTION,14.86,0.00,UNKNOWN,UNKNOWN,0,0.0000,0,97.72
1777993995.7187,50.40,DETECTION,24.23,0.00,UNKNOWN,UNKNOWN,0,0.0000,0,97.72
1777993995.8007,37.56,DETECTION,26.75,0.00,UNKNOWN,UNKNOWN,0,0.0000,0,97.72
1777993995.8621,39.31,DETECTION,19.09,0.00,UNKNOWN,UNKNOWN,0,0.0000,0,97.72
1777993995.9336,40.91,DETECTION,28.82,0.00,UNKNOWN,UNKNOWN,0,0.0000,0,97.72
1777993996.0306,66.67,DETECTION,54.26,0.00,UNKNOWN,UNKNOWN,0,0.0000,0,97.72
1777993996.1115,55.16,DETECTION,38.36,0.00,UNKNOWN,UNKNOWN,0,0.0000,0,97.72
1777993996.2162,67.01,DETECTION,32.81,0.00,UNKNOWN,UNKNOWN,0,0.0000,0,97.72
1777993996.3279,54.93,DETECTION,31.25,0.00,UNKNOWN,UNKNOWN,0,0.0000,0,97.72
1777993996.3792,35.08,DETECTION,24.49,0.00,UNKNOWN,UNKNOWN,0,0.0000,0,97.72
1777993996.4326,36.67,DETECTION,23.80,0.00,UNKNOWN,UNKNOWN,0,0.0000,0,97.72
1777993996.4846,36.77,DETECTION,26.08,0.00,UNKNOWN,UNKNOWN,0,0.0000,0,97.72
1777993996.5342,35.60,DETECTION,25.02,0.00,UNKNOWN,UNKNOWN,0,0.0000,0,97.72
1777993996.5862,36.94,DETECTION,23.28,0.00,UNKNOWN,UNKNOWN,0,0.0000,0,97.72
1777993996.6473,42.54,DETECTION,29.85,0.00,UNKNOWN,UNKNOWN,0,0.0000,0,97.72
1777993996.7401,72.48,DETECTION,58.09,0.00,UNKNOWN,UNKNOWN,0,0.0000,0,97.72
1777993996.8003,39.74,DETECTION,27.36,0.00,UNKNOWN,UNKNOWN,0,0.0000,0,97.72
1777993996.8742,54.29,DETECTION,42.01,0.00,UNKNOWN,UNKNOWN,0,0.0000,0,97.72
1777993996.9390,46.25,DETECTION,24.30,0.00,UNKNOWN,UNKNOWN,0,0.0000,0,97.72
1777993997.0059,40.31,DETECTION,26.11,0.00,UNKNOWN,UNKNOWN,0,0.0000,0,97.72
1777993997.0678,37.52,DETECTION,24.84,0.00,UNKNOWN,UNKNOWN,0,0.0000,0,97.72
1777993997.1605,69.39,DETECTION,44.70,0.00,UNKNOWN,UNKNOWN,0,0.0000,0,97.72
1777993997.2381,44.84,DETECTION,19.67,0.00,UNKNOWN,UNKNOWN,0,0.0000,0,97.72
1777993997.2852,36.86,DETECTION,23.78,0.00,UNKNOWN,UNKNOWN,0,0.0000,0,97.72
1777993997.3497,36.86,DETECTION,28.01,0.00,UNKNOWN,UNKNOWN,0,0.0000,0,97.72
1777993997.4378,61.37,DETECTION,36.73,0.00,UNKNOWN,UNKNOWN,0,0.0000,0,97.72
1777993997.4931,38.48,DETECTION,22.77,0.00,UNKNOWN,UNKNOWN,0,0.0000,0,97.72
1777993997.5537,43.47,DETECTION,24.77,0.00,UNKNOWN,UNKNOWN,0,0.0000,0,97.72
1777993997.6037,28.30,DETECTION,17.54,0.00,UNKNOWN,UNKNOWN,0,0.0000,0,97.72
1777993997.6760,38.62,DETECTION,22.55,0.00,UNKNOWN,UNKNOWN,0,0.0000,0,97.72
1777993997.7543,47.39,DETECTION,30.20,0.00,UNKNOWN,UNKNOWN,0,0.0000,0,97.72
1777993997.8741,96.30,DETECTION,60.49,0.00,UNKNOWN,UNKNOWN,0,0.0000,0,97.72
1777993997.9885,69.31,DETECTION,45.21,0.00,UNKNOWN,UNKNOWN,0,0.0000,0,97.72
1777993998.0553,45.66,DETECTION,26.21,0.00,UNKNOWN,UNKNOWN,0,0.0000,0,97.72
1777993998.1411,63.22,DETECTION,50.93,0.00,UNKNOWN,UNKNOWN,0,0.0000,0,97.72
1777993998.2504,72.60,DETECTION,41.66,0.00,UNKNOWN,UNKNOWN,0,0.0000,0,97.72
1777993998.3675,80.02,DETECTION,39.63,0.00,UNKNOWN,UNKNOWN,0,0.0000,0,97.72
1777993998.4666,66.53,DETECTION,48.17,0.00,UNKNOWN,UNKNOWN,0,0.0000,0,97.72
1777993998.5628,54.35,DETECTION,38.09,0.00,UNKNOWN,UNKNOWN,0,0.0000,0,97.72
1777993998.6482,59.85,DETECTION,38.13,0.00,UNKNOWN,UNKNOWN,0,0.0000,0,97.72
1777993998.7311,67.71,DETECTION,40.76,0.00,UNKNOWN,UNKNOWN,0,0.0000,0,97.72
1777993998.7735,32.19,DETECTION,21.96,0.00,UNKNOWN,UNKNOWN,0,0.0000,0,97.72
1777993998.8252,38.41,DETECTION,26.78,0.00,UNKNOWN,UNKNOWN,0,0.0000,0,97.72
1777993998.8742,33.64,DETECTION,24.08,0.00,UNKNOWN,UNKNOWN,0,0.0000,0,97.72
1777993998.9249,34.27,DETECTION,21.29,0.00,UNKNOWN,UNKNOWN,0,0.0000,0,97.72
1777993998.9806,41.96,DETECTION,28.46,0.00,UNKNOWN,UNKNOWN,0,0.0000,0,97.72
1777993999.0278,30.93,DETECTION,24.27,0.00,UNKNOWN,UNKNOWN,0,0.0000,0,97.72
1777993999.0995,53.28,TRACKING,43.09,0.00,RED,UNKNOWN,3,0.7191,1,97.62
1777993999.1412,24.72,TRACKING,0.00,8.90,RED,UNKNOWN,2,0.6940,1,97.52
1777993999.1763,19.92,TRACKING,0.00,8.73,RED,RED,3,0.8873,1,97.52
1777993999.2081,16.95,TRACKING,0.00,5.67,RED,RED,3,0.8891,1,97.53
1777993999.2536,17.95,TRACKING,0.00,6.12,RED,RED,4,0.8125,1,97.53
1777993999.3036,14.77,TRACKING,0.00,6.54,RED,RED,5,0.5112,1,97.53
1777993999.3735,36.95,TRACKING,0.00,10.80,RED,RED,5,0.5133,1,97.53
1777993999.4024,17.79,TRACKING,0.00,6.08,RED,RED,3,0.7474,1,97.54
1777993999.4564,17.51,TRACKING,0.00,4.91,RED,RED,4,0.7601,1,97.54
1777993999.5321,43.38,TRACKING,0.00,17.06,RED,RED,4,0.8760,1,97.54
1777993999.5653,28.14,TRACKING,0.00,8.12,RED,RED,4,0.8251,1,97.54
1777993999.6088,19.29,TRACKING,0.00,7.54,RED,RED,4,0.7954,1,97.55
1777993999.6701,15.02,TRACKING,0.00,5.63,RED,RED,3,0.8862,1,97.55
1777993999.7302,31.76,TRACKING,0.00,16.40,RED,RED,4,0.8205,1,97.55
1777993999.7883,27.18,TRACKING,0.00,16.00,RED,RED,3,0.8198,1,97.55
1777993999.8634,46.61,TRACKING,0.00,15.27,RED,RED,2,0.8651,1,97.56
1777993999.9218,28.54,TRACKING,0.00,8.37,RED,RED,3,0.7777,1,97.56
1777993999.9673,24.90,TRACKING,0.00,12.70,RED,RED,3,0.8449,1,97.56
1777994000.0427,41.65,TRACKING,0.00,23.30,RED,RED,3,0.8462,1,97.56
1777994000.0882,16.71,TRACKING,0.00,4.95,RED,RED,3,0.8724,1,97.57
1777994000.1217,23.52,TRACKING,0.00,11.49,RED,RED,3,0.8370,1,97.57
1777994000.1731,31.49,TRACKING,0.00,12.94,RED,RED,3,0.8363,1,97.57
1777994000.2102,17.51,TRACKING,0.00,4.72,RED,RED,3,0.8409,1,97.57
1777994000.2629,17.62,TRACKING,0.00,6.10,RED,RED,3,0.7704,1,97.58
1777994000.3083,18.14,TRACKING,0.00,6.33,RED,RED,3,0.8238,1,97.58
1777994000.3599,21.41,TRACKING,0.00,4.21,RED,RED,2,0.8950,1,97.58
1777994000.4448,44.59,TRACKING,0.00,18.62,RED,RED,2,0.7650,1,97.58
1777994000.4920,33.00,TRACKING,0.00,10.99,RED,RED,3,0.7650,1,97.58
1777994000.5296,21.44,TRACKING,0.00,7.65,RED,RED,3,0.8350,1,97.59
1777994000.5625,18.87,TRACKING,0.00,7.51,RED,RED,3,0.8198,1,97.59
1777994000.6199,33.00,TRACKING,0.00,6.07,RED,RED,3,0.8343,1,97.59
1777994000.6504,16.48,TRACKING,0.00,5.02,RED,RED,3,0.8337,1,97.59
1777994000.6963,12.43,TRACKING,0.00,4.18,RED,RED,3,0.8264,1,97.60
1777994000.7720,34.42,TRACKING,0.00,18.78,RED,RED,3,0.8337,1,97.60
1777994000.8092,16.57,TRACKING,0.00,5.28,RED,RED,3,0.8389,1,97.60
1777994000.8564,16.48,TRACKING,0.00,4.66,RED,RED,4,0.8592,1,97.60
1777994000.9051,17.64,TRACKING,0.00,4.96,RED,RED,3,0.8409,1,97.61
1777994000.9482,12.67,TRACKING,0.00,3.80,RED,RED,4,0.8370,1,97.61
1777994001.0045,15.28,TRACKING,0.00,5.69,RED,RED,3,0.8350,1,97.61
1777994001.0796,41.12,TRACKING,0.00,10.02,RED,RED,3,0.8548,1,97.61
1777994001.1110,14.36,TRACKING,0.00,7.51,RED,RED,3,0.8211,1,97.61
1777994001.1488,14.64,TRACKING,0.00,6.97,RED,RED,3,0.8317,1,97.62
1777994001.2250,21.88,TRACKING,0.00,7.77,RED,RED,2,0.8297,1,97.62
1777994001.2787,21.49,TRACKING,0.00,7.63,RED,RED,3,0.8317,1,97.62
1777994001.3187,21.24,TRACKING,0.00,11.70,RED,RED,4,0.8343,1,97.62
1777994001.3540,18.63,TRACKING,0.00,5.87,RED,RED,3,0.8429,1,97.63
1777994001.4012,17.22,TRACKING,0.00,6.29,RED,RED,3,0.8211,1,97.63
1777994001.4559,17.46,TRACKING,0.00,7.97,RED,RED,3,0.8350,1,97.63
1777994001.5351,43.17,TRACKING,0.00,22.62,RED,RED,3,0.8694,1,97.63
1777994001.5631,17.84,TRACKING,0.00,6.95,RED,RED,3,0.8429,1,97.63
1777994001.6037,14.95,TRACKING,0.00,4.88,RED,RED,3,0.8716,1,97.64
1777994001.6723,34.74,TRACKING,0.00,8.91,RED,RED,3,0.8363,1,97.64
1777994001.7102,18.78,TRACKING,0.00,7.18,RED,RED,3,0.8673,1,97.64
1777994001.7873,47.44,TRACKING,0.00,20.75,RED,RED,3,0.7510,1,97.64
1777994001.8528,49.69,TRACKING,0.00,36.49,RED,RED,3,0.8673,1,97.65
1777994001.9291,44.62,TRACKING,0.00,6.48,RED,RED,3,0.8330,1,97.65
1777994001.9873,37.60,TRACKING,0.00,8.42,RED,RED,3,0.8050,1,97.65
1777994002.0142,18.94,TRACKING,0.00,6.18,RED,RED,3,0.8891,1,97.65
1777994002.0538,15.82,TRACKING,0.00,3.87,RED,RED,3,0.8244,1,97.65
1777994002.1057,20.16,TRACKING,0.00,5.95,RED,RED,3,0.8416,1,97.66
1777994002.2037,35.24,TRACKING,0.00,8.23,RED,RED,3,0.8185,1,97.66
1777994002.2647,25.99,TRACKING,0.00,13.57,RED,RED,3,0.8422,1,97.66
1777994002.3792,61.21,TRACKING,0.00,21.83,RED,RED,4,0.8563,1,97.66
1777994002.4326,30.19,TRACKING,0.00,15.33,RED,RED,3,0.8409,1,97.67
1777994002.4886,37.39,TRACKING,0.00,15.83,RED,RED,3,0.8884,1,97.67
1777994002.5334,17.00,TRACKING,0.00,6.42,RED,RED,3,0.8548,1,97.67
1777994002.5800,14.32,TRACKING,0.00,5.80,RED,RED,3,0.8350,1,97.67
1777994002.6484,24.33,TRACKING,0.00,7.11,RED,RED,3,0.8158,1,97.67
1777994002.7024,35.64,TRACKING,0.00,10.34,RED,RED,3,0.8290,1,97.68
1777994002.7438,21.05,TRACKING,0.00,9.29,RED,RED,3,0.8508,1,97.68
1777994002.7822,22.32,TRACKING,0.00,8.67,RED,RED,3,0.8224,1,97.68
1777994002.8155,20.92,TRACKING,0.00,9.00,RED,RED,3,0.8356,1,97.68
1777994002.8590,15.21,TRACKING,0.00,4.06,RED,RED,3,0.8673,1,97.69
1777994002.8988,13.36,TRACKING,0.00,4.36,RED,RED,3,0.8198,1,97.69
1777994002.9589,18.09,TRACKING,0.00,3.95,RED,RED,3,0.8284,1,97.69
1777994003.0091,19.88,TRACKING,0.00,5.99,RED,RED,3,0.8178,1,97.69
1777994003.0520,16.94,TRACKING,0.00,4.41,RED,RED,3,0.8158,1,97.69
1777994003.0995,16.05,TRACKING,0.00,4.86,RED,RED,3,0.8680,1,97.70
1777994003.1624,22.08,TRACKING,0.00,6.64,RED,RED,3,0.8680,1,97.70
1777994003.2041,16.44,TRACKING,0.00,4.74,RED,RED,3,0.8277,1,97.70
1777994003.2611,18.49,TRACKING,0.00,4.63,RED,RED,2,0.8172,1,97.70
1777994003.3078,16.15,TRACKING,0.00,8.18,RED,RED,3,0.8098,1,97.70
1777994003.3652,16.81,TRACKING,0.00,3.56,RED,RED,3,0.8891,1,97.71
1777994003.4043,16.73,TRACKING,0.00,5.08,RED,RED,3,0.8257,1,97.71
1777994003.4671,25.58,TRACKING,0.00,11.81,RED,RED,3,0.8145,1,97.71
1777994003.5028,18.44,TRACKING,0.00,5.21,RED,RED,3,0.8396,1,97.71
1777994003.5982,46.86,TRACKING,0.00,19.51,RED,RED,3,0.8709,1,97.71
1777994003.6452,35.79,TRACKING,0.00,20.48,RED,RED,3,0.8629,1,97.72
1777994003.7429,42.21,TRACKING,0.00,21.54,RED,RED,3,0.8429,1,97.72
1777994003.7960,30.19,TRACKING,0.00,9.86,RED,RED,3,0.8323,1,97.72
1777994003.8738,24.92,TRACKING,0.00,6.03,RED,RED,2,0.8257,1,97.72
1777994003.9455,36.01,TRACKING,0.00,22.81,RED,RED,3,0.8185,1,97.73
1777994003.9972,31.26,TRACKING,0.00,9.99,RED,RED,3,0.8152,1,97.73
1777994004.0422,25.49,TRACKING,0.00,9.43,RED,RED,3,0.8389,1,97.73
1777994004.0739,19.43,TRACKING,0.00,6.82,RED,RED,3,0.8356,1,97.73
1777994004.1033,18.74,TRACKING,0.00,4.71,RED,RED,3,0.8429,1,97.73
1777994004.1614,22.15,TRACKING,0.00,9.19,RED,RED,3,0.8198,1,97.74
1777994004.2001,14.54,TRACKING,0.00,4.92,RED,RED,3,0.8422,1,97.74
1777994004.2705,30.37,TRACKING,0.00,7.87,RED,RED,3,0.8304,1,97.74
1777994004.2967,12.79,TRACKING,0.00,3.65,RED,RED,3,0.8356,1,97.74
1777994004.3702,27.42,TRACKING,0.00,10.70,RED,RED,3,0.8198,1,97.74
1777994004.4004,16.37,TRACKING,0.00,5.79,RED,RED,2,0.8442,1,97.75
1777994004.4597,19.60,TRACKING,0.00,4.60,RED,RED,3,0.8198,1,97.75
1777994004.5363,35.92,TRACKING,0.00,17.37,RED,RED,4,0.5230,1,97.75
1777994004.5932,33.87,TRACKING,0.00,11.96,RED,RED,3,0.8869,1,97.75
1777994004.6315,21.09,TRACKING,0.00,7.93,RED,RED,3,0.8396,1,97.75
1777994004.6551,17.91,TRACKING,0.00,4.65,RED,RED,3,0.7627,1,97.76
1777994004.7197,23.87,TRACKING,0.00,6.91,RED,RED,3,0.8673,1,97.76
1777994004.7781,29.62,TRACKING,0.00,9.49,RED,RED,3,0.8271,1,97.76
1777994004.8365,33.52,TRACKING,0.00,20.49,RED,RED,3,0.8172,1,97.76
1777994004.8809,22.78,TRACKING,0.00,9.42,RED,RED,3,0.8403,1,97.76
1777994004.9247,18.07,TRACKING,0.00,6.02,RED,RED,2,0.8257,1,97.77
1777994004.9478,13.24,TRACKING,0.00,3.94,RED,RED,3,0.8884,1,97.77
1777994005.0062,17.07,TRACKING,0.00,6.12,RED,RED,4,0.8185,1,97.77
1777994005.0709,27.67,TRACKING,0.00,6.28,RED,RED,3,0.8185,1,97.77
1777994005.1215,34.08,TRACKING,0.00,11.75,RED,RED,3,0.8673,1,97.77
1777994005.1687,29.86,TRACKING,0.00,7.17,RED,RED,3,0.8271,1,97.78
1777994005.2219,35.35,TRACKING,0.00,11.24,RED,RED,4,0.8185,1,97.78
1777994005.2699,21.47,TRACKING,0.00,10.85,RED,RED,3,0.8152,1,97.78
1777994005.3200,20.41,TRACKING,0.00,6.95,RED,RED,3,0.8436,1,97.78
1777994005.3677,29.90,TRACKING,0.00,8.54,RED,RED,3,0.8198,1,97.78
1777994005.4010,15.16,TRACKING,0.00,6.39,RED,RED,3,0.8403,1,97.79
1777994005.4762,30.87,TRACKING,0.00,13.01,RED,RED,3,0.8350,1,97.79
1777994005.5244,22.84,TRACKING,0.00,10.21,RED,RED,4,0.8172,1,97.79
1777994005.5593,21.34,TRACKING,0.00,6.70,RED,RED,3,0.8687,1,97.79
1777994005.6301,38.18,TRACKING,0.00,15.13,RED,RED,3,0.7692,1,97.79
1777994005.6689,27.83,TRACKING,0.00,5.54,RED,RED,3,0.8409,1,97.80
1777994005.7105,16.12,TRACKING,0.00,5.36,RED,RED,3,0.8271,1,97.80
1777994005.7826,31.98,TRACKING,0.00,14.48,RED,RED,3,0.8508,1,97.80
1777994005.8156,18.40,TRACKING,0.00,4.55,RED,RED,3,0.8277,1,97.80
1777994005.8688,28.86,TRACKING,0.00,5.68,RED,RED,3,0.8449,1,97.80
1777994005.9131,17.13,TRACKING,0.00,6.37,RED,RED,3,0.8224,1,97.81
1777994005.9673,32.16,TRACKING,0.00,11.72,RED,RED,3,0.8475,1,97.81
1777994006.0311,35.50,TRACKING,0.00,20.95,RED,RED,3,0.8396,1,97.81
1777994006.0780,29.88,TRACKING,0.00,6.77,RED,RED,4,0.8370,1,97.81
1777994006.1310,37.47,TRACKING,0.00,12.20,RED,RED,3,0.8244,1,97.81
1777994006.1796,38.33,TRACKING,0.00,12.91,RED,RED,3,0.8389,1,97.81
1777994006.2138,24.65,TRACKING,0.00,7.08,RED,RED,3,0.8350,1,97.82
1777994006.2502,15.24,TRACKING,0.00,5.05,RED,RED,3,0.8957,1,97.82
1777994006.3270,31.98,TRACKING,0.00,8.27,RED,RED,4,0.8356,1,97.82
1777994006.3538,16.43,TRACKING,0.00,4.54,RED,RED,3,0.8495,1,97.82
1777994006.4032,16.99,TRACKING,0.00,4.49,RED,RED,3,0.8521,1,97.82
1777994006.4812,30.53,TRACKING,0.00,12.63,RED,RED,3,0.8482,1,97.83
1777994006.5249,38.71,TRACKING,0.00,14.59,RED,RED,2,0.8389,1,97.83
1777994006.5553,17.08,TRACKING,0.00,4.13,RED,RED,2,0.8508,1,97.83
1777994006.5973,12.08,TRACKING,0.00,4.25,RED,RED,3,0.8370,1,97.83
1777994006.6816,40.94,TRACKING,0.00,19.18,RED,RED,3,0.8607,1,97.83
1777994006.7143,19.48,TRACKING,0.00,8.35,RED,RED,3,0.8257,1,97.84
1777994006.7627,22.18,TRACKING,0.00,9.85,RED,RED,3,0.8515,1,97.84
1777994006.8092,19.03,TRACKING,0.00,4.60,RED,RED,2,0.8330,1,97.84
1777994006.8686,31.15,TRACKING,0.00,8.49,RED,RED,3,0.8224,1,97.84
1777994006.8994,15.81,TRACKING,0.00,6.80,RED,RED,3,0.8363,1,97.84
1777994006.9631,24.43,TRACKING,0.00,7.50,RED,RED,3,0.8449,1,97.84
1777994007.0034,18.13,TRACKING,0.00,6.00,RED,RED,3,0.8429,1,97.85
1777994007.0911,37.43,TRACKING,0.00,9.57,RED,RED,3,0.8244,1,97.85
1777994007.1268,25.84,TRACKING,0.00,11.67,RED,RED,3,0.8403,1,97.85
1777994007.1831,41.73,TRACKING,0.00,9.21,RED,RED,3,0.8350,1,97.85
1777994007.2218,22.92,TRACKING,0.00,11.54,RED,RED,3,0.8528,1,97.85
1777994007.2835,43.29,TRACKING,0.00,9.35,RED,RED,2,0.8429,1,97.86
1777994007.3307,37.10,TRACKING,0.00,13.98,RED,RED,3,0.8554,1,97.86
1777994007.3836,34.67,TRACKING,0.00,12.62,RED,RED,2,0.8429,1,97.86
1777994007.4182,22.75,TRACKING,0.00,9.06,RED,RED,3,0.8554,1,97.86
1777994007.4855,36.61,TRACKING,0.00,14.99,RED,RED,2,0.8429,1,97.86
1777994007.5337,31.91,TRACKING,0.00,9.32,RED,RED,3,0.8554,1,97.87
1777994007.5792,29.89,TRACKING,0.00,8.16,RED,RED,2,0.8429,1,97.87
1777994007.6592,43.25,TRACKING,0.00,9.48,RED,RED,3,0.8502,1,97.87
1777994007.7338,35.61,TRACKING,0.00,11.34,RED,RED,3,0.8370,1,97.87
1777994007.7890,27.57,TRACKING,0.00,12.18,RED,RED,3,0.8436,1,97.87
1777994007.8578,39.87,TRACKING,0.00,11.85,RED,RED,3,0.8363,1,97.87
1777994007.9136,27.20,TRACKING,0.00,13.14,RED,RED,3,0.8687,1,97.88
1777994007.9792,37.42,TRACKING,0.00,15.72,RED,RED,2,0.8396,1,97.88
1777994008.1030,65.66,TRACKING,0.00,35.41,RED,RED,3,0.8317,1,97.88
1777994008.1795,30.02,TRACKING,0.00,11.60,RED,RED,3,0.8356,1,97.88
1777994008.2453,31.86,TRACKING,0.00,8.57,RED,RED,3,0.7677,1,97.88
1777994008.3099,46.16,TRACKING,0.00,16.45,RED,RED,3,0.8449,1,97.88
1777994008.3864,47.89,TRACKING,0.00,13.72,RED,RED,2,0.8376,1,97.89
1777994008.4847,53.20,TRACKING,0.00,14.32,RED,RED,3,0.8449,1,97.89
1777994008.5446,37.43,TRACKING,0.00,13.28,RED,RED,2,0.8389,1,97.89
1777994008.6377,39.57,TRACKING,0.00,20.85,RED,RED,3,0.8462,1,97.89
1777994008.6746,25.07,TRACKING,0.00,7.23,RED,RED,2,0.8389,1,97.89
1777994008.7039,15.20,TRACKING,0.00,4.91,RED,RED,3,0.8244,1,97.90
1777994008.7565,17.35,TRACKING,0.00,6.43,RED,RED,3,0.8422,1,97.90
1777994008.8018,14.91,TRACKING,0.00,4.74,RED,RED,2,0.8343,1,97.90
